Div,Date,HomeTeam,AwayTeam,HTOa,ATOa,HTAt,ATAt,HTMid,ATMid,HTDef,ATDef,HomeSquad,AwaySquad,HomeAvgAge,AwayAvgAge,HomeMV,AwayMV,FTHG,FTAG,FTR,HTHG,HTAG,HTR,HS,AS,HST,AST,HF,AF,HC,AC,HY,AY,HR,AR,HxG,AxG,HxA,AxA,HxPTS,AxPTS,HPPDA,APPDA,B365H,B365D,B365A,BWH,BWD,BWA,IWH,IWD,IWA,PSH,PSD,PSA,WHH,WHD,WHA,VCH,VCD,VCA,PSCH,PSCD,PSCA
SP1,2021-08-13,Valencia,Getafe,77,76,76,76,78,77,77,77,44,43,23,25,310.6,208.68,1,0,H,1,0,H,4,22,2,4,24,15,1,9,6,3,1,1,1.58,1.19,0.39,0.55,1.75,0.99,10.15,4.44,2.55,3.0,3.1,2.65,3.0,2.95,2.65,2.9,3.05,2.7,3.03,3.11,2.55,3.0,3.0,2.63,3.0,3.0,2.47,3.04,3.48
SP1,2021-08-14,Cadiz,Levante,74,77,78,79,74,78,73,74,37,42,27,26,67.8,77.9,1,1,D,0,1,A,7,12,2,3,10,16,2,4,1,5,0,0,0.99,0.92,0.41,0.28,1.43,1.23,17.44,7.29,2.8,3.25,2.6,2.8,3.3,2.55,2.75,3.2,2.65,2.86,3.28,2.73,2.75,3.2,2.62,2.7,3.2,2.55,3.4,3.25,2.38
SP1,2021-08-14,Mallorca,Real Betis,74,79,78,80,74,80,75,77,41,38,25,27,74.15,259.0,1,1,D,1,0,H,6,10,2,1,12,18,4,3,1,3,0,0,0.57,0.81,0.42,0.7,1.06,1.56,18.72,6.72,3.3,3.4,2.2,3.4,3.25,2.25,3.35,3.3,2.25,3.51,3.35,2.28,3.4,3.2,2.2,3.13,3.3,2.2,2.66,3.09,3.1
SP1,2021-08-14,Alaves,Real Madrid,75,84,76,84,74,85,75,83,43,36,25,25,65.349999,770.75,1,4,A,0,0,D,11,19,4,7,14,10,0,4,1,2,0,0,1.41,2.16,0.49,1.84,0.84,1.92,15.05,12.5,7.0,4.75,1.44,6.75,4.75,1.45,6.75,4.6,1.45,7.48,4.64,1.48,7.0,4.4,1.44,6.5,4.4,1.44,6.27,4.26,1.58
SP1,2021-08-14,Osasuna,Espanyol,76,76,78,79,76,76,75,75,32,38,26,25,108.45,131.6,0,0,D,0,0,D,14,10,1,3,18,12,4,6,3,3,0,0,0.58,0.58,0.28,0.46,1.31,1.27,5.03,7.2,2.25,3.2,3.4,2.2,3.3,3.4,2.3,3.25,3.3,2.34,3.35,3.37,2.3,3.2,3.25,2.2,3.2,3.25,2.71,3.13,3.0
SP1,2021-08-15,Celta Vigo,Atletico Madrid,76,84,80,84,76,83,75,83,34,43,25,25,120.0,661.8,1,2,A,0,1,A,10,13,2,4,11,9,2,5,4,5,1,1,1.59,1.81,0.63,0.91,1.18,1.52,7.33,15.74,4.2,3.4,1.9,4.4,3.1,2.0,4.0,3.3,2.0,4.41,3.25,2.05,4.2,3.2,1.95,3.9,3.3,1.95,3.78,3.25,2.22
SP1,2021-08-15,Barcelona,Real Sociedad,83,80,85,81,83,82,81,78,47,40,25,24,735.6,376.95,4,2,H,2,0,H,13,11,8,3,11,18,5,3,2,4,0,0,3.46,0.9,2.9,0.69,2.82,0.12,6.86,12.0,1.72,4.0,4.5,1.72,4.2,4.25,1.73,4.1,4.4,1.75,4.2,4.62,1.73,4.0,4.33,1.7,4.0,4.2,1.69,4.0,5.43
SP1,2021-08-15,Sevilla,Rayo Vallecano,81,73,81,71,82,73,83,72,43,36,25,26,385.0,67.2,3,0,H,1,0,H,21,4,8,3,14,7,4,0,1,0,0,1,3.67,0.48,2.8,0.46,2.94,0.04,5.82,33.0,1.44,4.2,8.0,1.42,4.6,7.75,1.47,4.4,7.0,1.44,4.68,8.37,1.42,4.33,8.0,1.44,4.2,7.0,1.46,4.28,9.53
SP1,2021-08-16,Villarreal,Granada,80,77,81,77,80,78,79,77,39,39,26,26,408.9,103.75,0,0,D,0,0,D,14,6,4,1,19,21,6,2,5,1,1,0,1.22,0.25,0.98,0.18,2.24,0.48,4.3,9.19,1.53,4.2,6.5,1.5,4.4,6.5,1.55,4.2,6.0,1.56,4.35,6.51,1.52,4.0,6.5,1.5,4.1,6.0,1.52,4.33,7.22
SP1,2021-08-16,Elche,Athletic Club,73,79,74,80,74,78,72,79,37,31,27,25,72.98,226.05,0,0,D,0,0,D,8,9,2,3,13,19,6,8,2,2,0,0,0.93,0.63,0.86,0.57,1.68,0.95,12.13,8.24,3.8,3.3,2.05,3.8,3.3,2.05,3.75,3.25,2.1,3.93,3.36,2.13,3.75,3.25,2.05,3.6,3.2,2.05,3.85,3.13,2.26
SP1,2021-08-20,Real Betis,Cadiz,79,74,80,78,80,74,77,73,38,37,27,27,259.0,67.8,1,1,D,1,1,D,16,8,7,3,12,10,4,5,4,0,0,0,1.82,1.45,1.25,0.52,1.64,1.08,3.52,30.33,1.5,4.2,7.0,1.53,4.1,6.5,1.53,4.2,6.5,1.52,4.4,7.09,1.52,4.0,6.5,1.5,4.33,6.5,1.55,4.15,7.25
SP1,2021-08-21,Alaves,Mallorca,75,74,76,78,74,74,75,75,43,41,25,25,65.349999,74.15,0,1,A,0,0,D,9,12,4,2,14,15,1,8,3,3,1,0,0.92,0.82,0.49,0.66,1.45,1.21,8.32,8.53,2.25,3.2,3.4,2.25,3.2,3.4,2.3,3.15,3.35,2.32,3.26,3.51,2.3,3.1,3.3,2.25,3.1,3.25,2.35,3.1,3.66
SP1,2021-08-21,Espanyol,Villarreal,76,80,79,81,76,80,75,79,38,39,25,26,131.6,408.9,0,0,D,0,0,D,14,12,3,2,10,10,9,7,3,4,0,0,1.69,0.6,0.74,0.49,2.24,0.54,14.88,7.52,3.1,3.4,2.3,3.0,3.4,2.35,3.05,3.35,2.35,3.15,3.51,2.38,3.0,3.25,2.38,3.0,3.25,2.3,3.03,3.23,2.62
SP1,2021-08-21,Granada,Valencia,77,77,77,76,78,78,77,77,39,44,26,23,103.75,310.6,1,1,D,1,0,H,9,18,2,7,14,12,2,6,4,2,0,0,0.75,1.5,0.75,0.63,0.7,2.02,8.0,5.89,2.45,3.4,2.87,2.5,3.3,2.85,2.55,3.2,2.9,2.59,3.33,2.98,2.5,3.25,2.88,2.45,3.2,2.88,2.71,3.2,2.94
SP1,2021-08-21,Athletic Club,Barcelona,79,83,80,85,78,83,79,81,31,47,25,25,226.05,735.6,1,1,D,0,0,D,16,9,7,3,15,10,13,2,1,2,0,1,1.43,1.18,0.63,0.43,1.53,1.2,13.21,6.06,4.0,3.75,1.85,3.9,3.75,1.9,4.0,3.65,1.9,4.33,3.66,1.93,4.2,3.4,1.88,3.9,3.6,1.85,4.64,3.92,1.81
SP1,2021-08-22,Real Sociedad,Rayo Vallecano,80,73,81,71,82,73,78,72,40,36,24,26,376.95,67.2,1,0,H,0,0,D,13,9,8,1,19,15,5,4,3,4,0,0,2.27,0.76,1.1,0.54,2.49,0.35,5.11,9.96,1.44,4.33,7.5,1.5,4.1,7.25,1.47,4.5,6.5,1.47,4.57,8.02,1.44,4.2,7.5,1.45,4.33,6.5,1.48,4.45,8.05
SP1,2021-08-22,Atletico Madrid,Elche,84,73,84,74,83,74,83,72,43,37,25,27,661.8,72.98,1,0,H,1,0,H,8,4,4,2,16,10,2,1,2,2,0,0,1.05,0.17,0.89,0.12,2.27,0.43,11.76,16.19,1.22,5.75,17.0,1.22,6.25,15.0,1.25,5.75,14.0,1.22,6.51,19.95,1.2,5.8,17.0,1.22,5.5,13.0,1.29,5.64,13.63
SP1,2021-08-22,Levante,Real Madrid,77,84,79,84,78,85,74,83,42,36,26,25,77.9,770.75,3,3,D,0,1,A,8,19,4,5,17,7,4,6,3,2,1,0,1.64,2.14,1.06,1.6,1.01,1.73,12.4,8.35,5.0,4.33,1.6,5.25,4.2,1.62,4.8,4.2,1.65,5.05,4.32,1.68,4.8,4.0,1.65,4.75,4.1,1.62,5.61,4.37,1.62
SP1,2021-08-23,Getafe,Sevilla,76,81,76,81,77,82,77,83,43,43,25,25,208.68,385.0,0,1,A,0,0,D,12,9,0,3,18,10,5,4,2,2,0,0,0.39,0.81,0.29,0.36,0.82,1.8,11.71,10.31,3.5,3.2,2.2,3.5,3.1,2.25,3.5,3.15,2.25,3.64,3.23,2.28,3.5,3.0,2.25,3.4,3.1,2.2,3.37,2.89,2.64
SP1,2021-08-23,Osasuna,Celta Vigo,76,76,78,80,76,76,75,75,32,34,26,25,108.45,120.0,0,0,D,0,0,D,15,4,7,0,19,8,1,2,4,3,0,0,2.58,0.08,1.76,0.07,2.91,0.05,6.04,14.93,2.62,3.25,2.75,2.7,3.2,2.75,2.65,3.15,2.8,2.77,3.21,2.87,2.6,3.1,2.8,2.55,3.2,2.7,2.64,3.22,3.02
SP1,2021-08-27,Mallorca,Espanyol,74,76,78,79,74,76,75,75,41,38,25,25,74.15,131.6,1,0,H,1,0,H,12,8,6,3,16,17,3,2,4,3,0,1,1.29,0.3,0.73,0.07,2.25,0.48,9.35,8.04,2.6,2.9,3.1,2.7,2.85,3.0,2.65,2.9,3.05,2.69,2.99,3.17,2.62,2.87,3.0,2.6,3.0,3.0,2.92,3.0,2.9
SP1,2021-08-27,Valencia,Alaves,77,75,76,76,78,74,77,75,44,43,23,25,310.6,65.349999,3,0,H,2,0,H,9,10,4,3,20,15,4,4,1,4,0,0,2.34,0.36,2.34,0.31,2.77,0.15,6.73,8.13,1.75,3.6,4.75,1.78,3.6,4.75,1.8,3.45,4.8,1.78,3.61,5.44,1.78,3.4,4.8,1.75,3.6,5.0,1.74,3.57,5.9
SP1,2021-08-28,Celta Vigo,Athletic Club,76,79,80,80,76,78,75,79,34,31,25,25,120.0,226.05,0,1,A,0,1,A,13,6,0,2,12,11,5,4,2,1,0,0,0.93,1.45,0.81,1.45,0.87,1.86,4.06,11.83,2.4,3.2,3.1,2.45,3.2,3.0,2.5,3.15,3.0,2.54,3.24,3.13,2.45,3.1,3.0,2.4,3.2,2.9,2.44,3.3,3.25
SP1,2021-08-28,Elche,Sevilla,73,81,74,81,74,82,72,83,37,43,27,25,72.98,385.0,1,1,D,1,1,D,7,18,4,5,6,9,5,3,2,0,0,0,0.86,1.7,0.74,1.31,0.7,2.06,33.92,5.67,5.0,3.6,1.72,5.5,3.4,1.75,5.25,3.5,1.75,5.5,3.48,1.8,5.25,3.3,1.78,4.8,3.5,1.73,5.26,3.41,1.85
SP1,2021-08-28,Real Sociedad,Levante,80,77,81,79,82,78,78,74,40,42,24,26,376.95,77.9,1,0,H,1,0,H,7,6,2,0,17,13,2,2,1,1,0,0,0.86,0.52,0.8,0.1,1.63,0.98,9.93,8.66,1.53,4.2,6.0,1.55,4.25,6.0,1.57,4.2,5.75,1.58,4.29,6.33,1.57,4.0,5.8,1.53,4.1,5.5,1.52,4.66,6.58
SP1,2021-08-28,Real Betis,Real Madrid,79,84,80,84,80,85,77,83,38,36,27,25,259.0,770.75,0,1,A,0,0,D,11,13,6,3,15,13,3,7,5,3,0,0,0.42,0.94,0.37,0.66,0.8,1.84,6.97,9.74,4.2,3.8,1.8,4.33,3.9,1.78,4.0,3.85,1.83,4.32,3.88,1.87,4.2,3.6,1.83,3.9,3.8,1.8,4.11,4.14,1.85
SP1,2021-08-29,Barcelona,Getafe,83,76,85,76,83,77,81,77,47,43,25,25,735.6,208.68,2,1,H,2,1,H,7,8,3,3,16,22,3,2,3,1,0,0,1.05,0.28,1.05,0.28,2.11,0.58,5.47,10.53,1.4,4.75,7.5,1.4,4.75,8.25,1.4,4.8,7.5,1.4,4.89,9.26,1.36,4.75,8.5,1.36,4.75,7.5,1.39,5.28,8.59
SP1,2021-08-29,Cadiz,Osasuna,74,76,78,78,74,76,73,75,37,32,27,26,67.8,108.45,2,3,A,1,0,H,7,14,3,4,9,6,4,11,4,0,0,0,1.36,2.28,0.55,0.79,0.63,2.13,16.28,5.73,3.2,3.0,2.45,3.0,3.0,2.6,3.15,3.05,2.45,3.3,3.15,2.49,3.1,3.0,2.5,3.0,3.0,2.45,3.61,2.99,2.44
SP1,2021-08-29,Rayo Vallecano,Granada,73,77,71,77,73,78,72,77,36,39,26,26,67.2,103.75,4,0,H,3,0,H,19,9,6,3,19,14,5,6,1,4,0,0,2.2,0.59,0.62,0.38,2.53,0.32,6.61,7.3,2.55,3.2,2.87,2.5,3.25,2.95,2.6,3.15,2.85,2.63,3.3,2.95,2.55,3.1,2.87,2.5,3.13,2.8,2.17,3.2,4.03
SP1,2021-08-29,Atletico Madrid,Villarreal,84,80,84,81,83,80,83,79,43,39,25,26,661.8,408.9,2,2,D,0,0,D,24,2,5,2,11,6,16,0,4,2,0,0,1.77,0.45,0.96,0.45,2.43,0.37,13.95,17.46,1.75,3.4,5.25,1.75,3.4,5.5,1.75,3.5,5.25,1.78,3.52,5.68,1.8,3.2,5.25,1.73,3.5,4.75,1.64,3.81,6.51
SP1,2021-09-11,Levante,Rayo Vallecano,77,73,79,71,78,73,74,72,42,36,26,26,77.9,67.2,1,1,D,1,0,H,7,22,2,6,14,16,2,5,3,4,0,0,1.11,2.77,0.37,2.55,0.35,2.5,9.87,5.54,2.1,3.4,3.5,2.05,3.4,3.5,2.1,3.45,3.55,2.13,3.53,3.71,2.1,3.3,3.6,2.05,3.4,3.4,2.3,3.31,3.5
SP1,2021-09-11,Athletic Club,Mallorca,79,74,80,78,78,74,79,75,31,41,25,25,226.05,74.15,2,0,H,0,0,D,19,7,5,1,7,13,7,2,1,2,0,0,1.86,0.23,1.38,0.15,2.6,0.25,10.04,7.04,1.72,3.6,5.25,1.72,3.5,5.0,1.73,3.6,5.25,1.74,3.76,5.52,1.72,3.5,5.0,1.7,3.5,5.0,1.75,3.52,5.9
SP1,2021-09-12,Espanyol,Atletico Madrid,76,84,79,84,76,83,75,83,38,43,25,25,131.6,661.8,1,2,A,1,0,H,9,13,3,3,10,11,6,3,1,4,0,0,0.37,0.73,0.24,0.43,0.91,1.68,9.59,7.19,4.33,3.3,1.9,4.1,3.3,1.91,4.3,3.35,1.95,4.38,3.53,1.95,4.33,3.2,1.95,4.2,3.25,1.9,4.96,3.44,1.88
SP1,2021-09-12,Osasuna,Valencia,76,77,78,76,76,78,75,77,32,44,26,23,108.45,310.6,1,4,A,1,1,D,11,10,2,4,20,14,4,4,4,2,0,0,0.46,0.92,0.43,0.76,0.83,1.81,4.96,12.27,2.4,3.2,3.1,2.35,3.1,3.1,2.45,3.1,3.1,2.5,3.17,3.26,2.45,3.0,3.1,2.38,3.2,2.9,2.29,3.13,3.76
SP1,2021-09-12,Cadiz,Real Sociedad,74,80,78,81,74,82,73,78,37,40,27,24,67.8,376.95,0,2,A,0,0,D,6,16,1,4,10,9,2,8,4,0,1,0,0.61,2.37,0.1,1.43,0.25,2.62,26.13,3.04,5.0,3.6,1.75,5.25,3.3,1.72,5.0,3.55,1.75,5.67,3.5,1.78,5.0,3.5,1.72,4.8,3.6,1.7,5.8,3.92,1.68
SP1,2021-09-12,Real Madrid,Celta Vigo,84,76,84,80,85,76,83,75,36,34,25,25,770.75,120.0,5,2,H,1,2,A,15,11,11,4,8,16,7,3,2,3,0,0,3.04,1.99,1.59,1.66,2.1,0.7,11.7,18.15,1.36,5.25,8.0,1.36,5.25,7.0,1.4,5.25,7.25,1.38,5.48,8.4,1.36,5.0,8.0,1.33,5.0,7.5,1.45,4.9,7.52
SP1,2021-09-13,Getafe,Elche,76,73,76,74,77,74,77,72,43,37,25,27,208.68,72.98,0,1,A,0,0,D,10,8,1,3,6,14,8,2,2,3,0,0,0.38,1.07,0.25,1.03,0.63,2.07,8.28,18.75,1.8,3.4,4.75,1.8,3.25,4.75,1.83,3.3,4.9,1.87,3.48,4.94,1.8,3.3,5.0,1.8,3.2,4.8,1.81,3.21,6.2
SP1,2021-09-13,Granada,Real Betis,77,79,77,80,78,80,77,77,39,38,26,27,103.75,259.0,1,2,A,0,1,A,11,19,2,9,7,14,6,8,1,2,0,0,0.78,2.44,0.71,2.07,0.36,2.49,17.5,7.39,3.1,3.25,2.37,3.0,3.3,2.3,3.0,3.25,2.4,3.13,3.38,2.46,3.0,3.25,2.37,3.0,3.25,2.3,3.38,3.23,2.4
SP1,2021-09-17,Celta Vigo,Cadiz,76,74,80,78,76,74,75,73,34,37,25,27,120.0,67.8,1,2,A,0,2,A,14,7,4,3,8,8,7,1,3,3,0,0,0.99,1.07,0.81,0.18,1.18,1.47,3.35,24.19,1.45,4.33,7.0,1.5,4.2,7.0,1.5,4.1,7.0,1.52,4.32,7.42,1.5,4.0,7.0,1.5,4.2,7.0,1.45,4.58,8.52
SP1,2021-09-18,Rayo Vallecano,Getafe,73,76,71,76,73,77,72,77,36,43,26,25,67.2,208.68,3,0,H,1,0,H,11,13,5,3,20,16,5,3,6,7,0,0,1.99,1.15,1.18,0.24,2.05,0.69,8.73,5.0,2.37,2.9,3.4,2.45,2.95,3.3,2.45,2.95,3.3,2.5,3.02,3.43,2.45,2.9,3.25,2.45,3.0,3.25,2.64,2.94,3.3
SP1,2021-09-18,Atletico Madrid,Athletic Club,84,79,84,80,83,78,83,79,43,31,25,25,661.8,226.05,0,0,D,0,0,D,14,6,2,0,10,13,5,5,6,2,1,0,1.1,1.11,1.01,1.08,1.32,1.36,12.1,11.73,1.65,3.6,6.0,1.72,3.3,6.0,1.67,3.6,5.75,1.67,3.65,6.56,1.65,3.5,5.8,1.65,3.5,5.5,1.68,3.6,6.51
SP1,2021-09-18,Elche,Levante,73,77,74,79,74,78,72,74,37,42,27,26,72.98,77.9,1,1,D,1,0,H,9,11,2,6,10,14,4,7,2,2,0,0,0.54,1.12,0.34,1.11,0.81,1.88,22.45,16.44,2.4,3.1,3.2,2.4,3.1,3.2,2.45,3.1,3.1,2.52,3.18,3.22,2.45,3.0,3.1,2.38,3.1,3.0,2.54,2.93,3.48
SP1,2021-09-18,Alaves,Osasuna,75,76,76,78,74,76,75,75,43,32,25,26,65.349999,108.45,0,2,A,0,2,A,8,13,3,5,11,14,2,8,4,3,0,0,0.25,1.32,0.11,0.51,0.33,2.45,5.42,6.94,3.1,3.0,2.55,3.0,3.0,2.6,3.0,3.05,2.55,3.1,3.13,2.63,3.1,3.0,2.5,2.9,3.0,2.5,3.47,3.0,2.5
SP1,2021-09-19,Mallorca,Villarreal,74,80,78,81,74,80,75,79,41,39,25,26,74.15,408.9,0,0,D,0,0,D,10,11,1,3,11,16,3,1,2,3,0,0,0.53,1.63,0.49,1.3,0.44,2.35,11.96,6.36,3.5,3.0,2.3,3.5,3.0,2.3,3.45,3.1,2.25,3.62,3.2,2.31,3.4,3.1,2.25,3.3,3.13,2.2,3.57,3.34,2.26
SP1,2021-09-19,Real Sociedad,Sevilla,80,81,81,81,82,82,78,83,40,43,24,25,376.95,385.0,0,0,D,0,0,D,11,11,4,4,16,11,5,6,2,3,0,0,1.18,0.77,0.18,0.33,1.76,0.89,8.96,15.92,2.55,3.2,2.87,2.7,3.1,2.8,2.65,3.15,2.8,2.76,3.2,2.89,2.55,3.2,2.8,2.5,3.2,2.75,2.45,3.22,3.29
SP1,2021-09-19,Real Betis,Espanyol,79,76,80,79,80,76,77,75,38,38,27,25,259.0,131.6,2,2,D,2,1,H,23,11,9,4,13,9,10,4,4,4,1,0,2.37,1.22,1.85,1.03,2.15,0.65,6.96,14.61,2.0,3.2,4.2,2.05,3.4,3.7,2.0,3.3,3.95,2.06,3.43,4.06,2.0,3.2,4.0,1.95,3.25,3.9,1.89,3.45,4.86
SP1,2021-09-19,Valencia,Real Madrid,77,84,76,84,78,85,77,83,44,36,23,25,310.6,770.75,1,2,A,0,0,D,12,18,4,10,14,14,2,5,1,5,0,0,0.65,1.36,0.51,1.29,0.74,1.99,11.37,12.7,3.8,3.8,1.9,3.75,3.8,1.91,3.7,3.75,1.95,3.78,4.02,1.96,3.8,3.7,1.91,3.6,3.7,1.9,4.68,4.08,1.77
SP1,2021-09-20,Barcelona,Granada,83,77,85,77,83,78,81,77,47,39,25,26,735.6,103.75,1,1,D,0,1,A,17,5,6,2,15,20,12,4,3,6,0,0,1.88,0.61,1.62,0.53,2.4,0.41,3.24,11.7,1.28,5.75,10.0,1.28,6.0,10.0,1.3,6.0,9.5,1.29,5.96,12.35,1.27,5.5,11.0,1.29,5.5,9.0,1.28,6.28,10.71
SP1,2021-09-21,Getafe,Atletico Madrid,76,84,76,84,77,83,77,83,43,43,25,25,208.68,661.8,1,2,A,1,0,H,7,12,2,4,15,11,2,5,4,5,1,0,0.33,1.48,0.29,0.96,0.41,2.36,12.13,6.31,6.0,3.5,1.66,6.0,3.4,1.7,6.0,3.45,1.67,6.53,3.54,1.7,6.0,3.3,1.7,6.0,3.5,1.67,7.65,3.6,1.62
SP1,2021-09-21,Athletic Club,Rayo Vallecano,79,73,80,71,78,73,79,72,31,36,25,26,226.05,67.2,1,2,A,1,1,D,8,8,1,3,16,20,2,1,3,3,0,0,0.96,1.04,0.9,1.02,1.21,1.43,7.0,5.76,1.85,3.5,4.33,1.9,3.4,4.33,1.9,3.3,4.6,1.9,3.46,4.81,1.88,3.3,4.4,1.85,3.4,4.75,1.78,3.62,5.43
SP1,2021-09-21,Levante,Celta Vigo,77,76,79,80,78,76,74,75,42,34,26,25,77.9,120.0,0,2,A,0,0,D,6,4,2,2,16,12,2,4,3,2,0,0,1.41,0.74,0.57,0.74,2.03,0.68,6.44,6.53,2.6,3.4,2.7,2.55,3.4,2.75,2.65,3.35,2.7,2.7,3.46,2.76,2.6,3.25,2.7,2.6,3.4,2.7,3.23,3.39,2.39
SP1,2021-09-22,Espanyol,Alaves,76,75,79,76,76,74,75,75,38,43,25,25,131.6,65.349999,1,0,H,0,0,D,10,8,2,2,14,18,4,8,2,1,0,0,1.62,0.42,0.74,0.3,2.42,0.38,7.4,7.88,1.8,3.5,4.75,1.83,3.4,4.75,1.83,3.4,4.7,1.88,3.46,4.98,1.83,3.3,4.75,1.8,3.3,4.6,1.78,3.54,5.54
SP1,2021-09-22,Sevilla,Valencia,81,77,81,76,82,78,83,77,43,44,25,23,385.0,310.6,3,1,H,3,1,H,11,8,5,3,25,21,1,4,5,3,0,0,1.21,0.44,1.19,0.31,2.06,0.65,3.97,7.88,1.61,3.8,6.0,1.65,3.8,5.5,1.63,3.85,5.5,1.65,4.04,5.81,1.65,3.75,5.25,1.62,3.75,5.25,1.61,4.0,6.57
SP1,2021-09-22,Real Madrid,Mallorca,84,74,84,78,85,74,83,75,36,41,25,25,770.75,74.15,6,1,H,3,1,H,18,17,12,5,18,8,3,2,2,1,0,0,2.37,1.19,1.73,0.72,2.16,0.65,5.57,19.47,1.22,6.5,12.0,1.25,6.0,12.0,1.25,6.25,12.0,1.24,6.66,13.03,1.22,6.0,13.0,1.22,6.0,11.5,1.23,7.1,13.44
SP1,2021-09-22,Villarreal,Elche,80,73,81,74,80,74,79,72,39,37,26,27,408.9,72.98,4,1,H,2,1,H,14,9,9,3,16,11,8,7,1,2,0,0,2.78,1.1,1.79,0.59,2.55,0.32,6.03,11.54,1.5,4.2,6.5,1.53,4.0,6.75,1.5,4.1,6.75,1.51,4.33,7.71,1.5,4.0,7.0,1.5,3.9,6.5,1.51,4.3,7.8
SP1,2021-09-23,Granada,Real Sociedad,77,80,77,82,77,80,78,78,39,40,26,24,103.75,376.95,2,3,A,1,0,H,10,20,2,11,11,16,4,7,5,1,0,0,1.25,1.58,0.48,1.24,1.12,1.59,13.79,8.82,4.2,3.4,1.9,3.9,3.5,1.95,3.95,3.55,1.95,4.22,3.56,1.98,4.0,3.4,1.95,3.8,3.5,1.9,4.19,3.33,2.07
SP1,2021-09-23,Osasuna,Real Betis,76,79,78,78,76,80,75,78,32,38,26,27,108.45,259.0,1,3,A,1,1,D,11,16,3,9,18,10,4,7,2,0,0,0,0.82,2.2,0.77,2.05,0.45,2.37,11.22,13.0,2.37,3.25,3.0,2.3,3.4,3.1,2.3,3.3,3.15,2.37,3.38,3.28,2.37,3.2,3.1,2.3,3.25,3.0,2.43,3.29,3.25
SP1,2021-09-23,Cadiz,Barcelona,74,83,76,85,74,84,73,80,37,47,27,25,67.8,735.6,0,0,D,0,0,D,13,6,3,2,16,8,4,5,3,4,0,1,1.4,0.36,0.86,0.31,2.27,0.48,16.58,7.61,6.0,4.33,1.5,6.25,4.5,1.5,5.75,4.5,1.53,6.38,4.48,1.55,6.0,4.33,1.5,5.75,4.33,1.5,7.15,4.41,1.52
SP1,2021-09-25,Alaves,Atletico Madrid,74,84,74,84,74,83,75,83,43,43,25,25,65.349999,661.8,1,0,H,1,0,H,7,13,1,1,18,11,3,8,2,3,0,0,1.2,0.56,1.18,0.33,1.99,0.72,22.73,4.9,7.5,4.0,1.5,7.25,3.9,1.53,6.75,3.95,1.53,7.51,3.99,1.56,7.0,3.75,1.53,7.0,4.0,1.53,8.63,4.13,1.5
SP1,2021-09-25,Valencia,Athletic Club,78,79,77,80,77,78,78,79,44,31,23,25,310.6,226.05,1,1,D,0,0,D,13,12,6,4,14,17,4,5,5,2,1,0,1.09,0.83,1.01,0.83,1.6,1.08,4.75,8.5,2.6,3.2,2.8,2.55,3.2,2.9,2.65,3.15,2.85,2.71,3.25,2.89,2.55,3.2,2.8,2.5,3.2,2.75,2.94,3.14,2.75
SP1,2021-09-25,Sevilla,Espanyol,82,76,81,76,81,77,83,76,43,38,25,25,385.0,131.6,2,0,H,1,0,H,12,13,5,2,10,8,4,8,4,0,1,0,1.58,0.48,1.47,0.22,2.46,0.35,9.24,13.48,1.57,3.8,6.5,1.6,3.9,6.0,1.63,3.8,6.0,1.63,3.9,6.38,1.61,3.6,6.0,1.6,3.6,5.75,1.43,4.61,9.14
SP1,2021-09-25,Real Madrid,Villarreal,84,80,84,83,85,79,83,79,36,39,25,26,770.75,408.9,0,0,D,0,0,D,15,6,2,2,10,12,6,3,1,2,0,0,1.54,0.67,1.44,0.67,2.15,0.6,9.94,11.68,1.5,4.75,5.75,1.5,4.75,5.75,1.5,4.6,6.0,1.52,4.87,6.25,1.5,4.5,6.0,1.45,4.6,6.0,1.5,4.94,6.47
SP1,2021-09-26,Mallorca,Osasuna,74,76,78,78,74,76,73,76,41,32,25,26,74.15,108.45,2,3,A,2,1,H,17,12,8,6,8,17,5,5,2,3,0,0,2.74,1.64,1.82,1.56,2.13,0.68,8.87,7.56,2.7,3.2,2.75,2.75,3.1,2.75,2.75,3.1,2.75,2.85,3.21,2.79,2.7,3.1,2.7,2.7,3.1,2.63,2.57,3.06,3.27
SP1,2021-09-26,Barcelona,Levante,83,77,85,79,84,78,80,74,47,42,25,26,735.6,77.9,3,0,H,2,0,H,20,6,12,2,11,16,11,1,1,3,0,0,3.11,0.71,1.5,0.65,2.77,0.15,7.82,13.16,1.4,5.5,6.5,1.42,5.0,6.75,1.47,4.8,6.25,1.45,5.07,7.23,1.42,4.8,7.0,1.4,4.75,6.5,1.51,4.63,6.89
SP1,2021-09-26,Real Sociedad,Elche,80,75,82,76,80,75,78,72,40,37,24,27,376.95,72.98,1,0,H,0,0,D,17,5,5,2,12,16,6,1,1,3,0,0,2.12,0.57,1.36,0.51,2.6,0.24,7.38,17.11,1.4,4.5,9.0,1.4,4.6,8.5,1.45,4.3,7.5,1.47,4.43,8.53,1.42,4.2,8.5,1.4,4.2,8.0,1.51,4.1,8.51
SP1,2021-09-26,Rayo Vallecano,Cadiz,74,74,75,76,74,74,72,73,36,37,26,27,67.2,67.8,3,1,H,2,1,H,13,6,6,1,11,11,4,3,2,4,0,0,1.89,1.1,1.24,1.1,2.07,0.67,4.88,7.15,1.6,3.8,6.0,1.62,3.8,5.75,1.63,3.85,5.5,1.68,3.82,6.02,1.61,3.7,5.8,1.6,3.75,5.5,1.63,3.88,6.5
SP1,2021-09-26,Real Betis,Getafe,79,76,78,75,80,77,78,76,38,43,27,25,259.0,208.68,2,0,H,1,0,H,20,8,5,3,12,19,3,3,1,3,0,0,2.46,0.59,1.42,0.45,2.63,0.24,9.88,6.93,1.75,3.6,4.75,1.75,3.8,4.6,1.77,3.6,4.8,1.78,3.9,4.9,1.75,3.6,4.75,1.75,3.4,4.75,1.6,3.89,7.1
SP1,2021-09-27,Celta Vigo,Granada,76,77,80,77,76,77,75,78,34,39,25,26,120.0,103.75,1,0,H,0,0,D,14,7,5,4,9,12,5,3,2,7,0,0,1.27,0.54,0.4,0.38,2.07,0.62,4.09,15.05,1.61,4.0,5.5,1.6,4.1,5.5,1.63,4.0,5.25,1.65,4.19,5.54,1.65,3.8,5.25,1.62,3.9,5.0,1.59,4.09,6.64
SP1,2021-10-01,Athletic Club,Alaves,79,74,80,74,79,74,78,75,31,43,25,25,226.05,65.349999,1,0,H,1,0,H,16,17,5,5,16,12,13,9,3,2,0,0,2.49,0.81,1.59,0.7,2.54,0.33,6.83,12.78,1.53,3.75,7.5,1.57,3.8,6.75,1.6,3.7,6.5,1.59,3.89,7.16,1.57,3.7,6.5,1.55,3.9,7.0,1.58,3.93,7.2
SP1,2021-10-02,Osasuna,Rayo Vallecano,76,74,78,78,76,74,76,72,32,36,26,26,108.45,67.2,1,0,H,0,0,D,7,7,3,0,19,9,6,3,3,3,0,0,0.66,0.15,0.5,0.1,1.88,0.67,5.22,18.6,2.15,3.4,3.4,2.25,3.4,3.25,2.2,3.35,3.4,2.2,3.47,3.57,2.25,3.25,3.25,2.2,3.4,3.3,2.29,3.22,3.64
SP1,2021-10-02,Mallorca,Levante,74,77,78,79,74,78,73,74,41,42,25,26,74.15,77.9,1,0,H,0,0,D,9,6,7,2,18,25,8,3,4,4,0,0,0.44,1.43,0.33,0.66,0.43,2.35,7.44,5.0,2.1,3.2,3.4,2.15,3.3,3.5,2.15,3.4,3.4,2.22,3.51,3.49,2.15,3.2,3.5,2.1,3.3,3.4,2.36,3.29,3.41
SP1,2021-10-02,Cadiz,Valencia,74,77,76,77,74,77,73,78,37,44,27,23,67.8,310.6,0,0,D,0,0,D,2,16,1,4,16,11,1,3,3,4,0,0,0.16,1.44,0.12,1.44,0.29,2.51,10.5,5.5,3.4,3.0,2.3,3.4,3.1,2.3,3.3,3.05,2.4,3.45,3.08,2.46,3.25,3.1,2.35,3.13,3.1,2.3,3.47,3.12,2.42
SP1,2021-10-02,Atletico Madrid,Barcelona,84,83,84,85,83,84,83,80,43,47,25,25,661.8,735.6,2,0,H,2,0,H,6,9,3,2,13,10,2,6,2,1,0,0,1.37,0.75,1.28,0.46,1.92,0.8,28.29,15.25,1.9,3.5,4.0,1.91,3.5,4.2,2.0,3.35,3.95,1.92,3.61,4.43,1.91,3.4,4.2,1.85,3.5,4.0,1.99,3.52,4.24
SP1,2021-10-03,Elche,Celta Vigo,75,76,76,80,75,76,71,75,37,34,27,25,72.98,120.0,1,0,H,0,0,D,12,10,5,1,14,19,7,4,4,3,0,0,1.4,0.71,1.36,0.67,1.95,0.75,8.74,5.57,3.3,3.2,2.3,3.4,3.1,2.3,3.35,3.15,2.3,3.52,3.17,2.37,3.4,3.1,2.25,3.2,3.13,2.25,3.31,3.05,2.55
SP1,2021-10-03,Espanyol,Real Madrid,77,84,77,83,77,86,76,83,38,36,25,25,131.6,770.75,2,1,H,1,0,H,8,18,4,4,12,13,2,8,2,1,0,0,1.29,1.62,1.29,1.31,1.13,1.6,20.0,7.55,5.0,4.0,1.66,5.25,4.1,1.62,5.0,4.1,1.65,5.15,4.15,1.69,5.0,3.9,1.65,4.8,4.0,1.62,5.23,4.22,1.68
SP1,2021-10-03,Getafe,Real Sociedad,76,80,75,82,77,80,76,77,43,40,25,24,208.68,376.95,1,1,D,1,0,H,9,10,2,5,16,11,2,5,4,2,0,0,0.52,0.8,0.42,0.7,1.02,1.59,7.5,5.0,3.6,3.1,2.2,3.9,3.0,2.15,3.65,3.1,2.2,3.77,3.17,2.26,3.6,3.1,2.2,3.5,3.1,2.15,3.52,2.96,2.5
SP1,2021-10-03,Villarreal,Real Betis,80,79,83,79,79,80,80,78,39,38,26,27,408.9,259.0,2,0,H,1,0,H,11,10,5,3,14,9,4,6,2,4,0,0,2.59,0.53,1.62,0.41,2.7,0.2,6.66,20.28,2.0,3.6,3.6,2.0,3.7,3.6,1.97,3.6,3.7,2.03,3.83,3.71,1.95,3.6,3.7,1.93,3.6,3.6,2.01,3.67,3.96
SP1,2021-10-03,Granada,Sevilla,77,82,77,81,77,81,78,83,39,43,26,25,103.75,385.0,1,0,H,1,0,H,3,14,1,3,13,11,2,6,3,4,0,1,0.08,1.4,0.06,1.38,0.24,2.57,16.3,10.0,4.8,3.4,1.72,4.75,3.5,1.8,4.9,3.55,1.77,5.36,3.62,1.78,5.0,3.4,1.78,4.75,3.5,1.73,6.14,3.72,1.68
SP1,2021-10-16,Levante,Getafe,77,76,79,75,77,77,75,76,42,43,26,25,77.9,208.68,0,0,D,0,0,D,6,14,2,4,14,10,3,11,3,3,0,0,0.83,0.56,0.32,0.39,1.62,1.0,7.3,11.71,2.5,2.9,3.25,2.5,2.9,3.2,2.55,2.9,3.2,2.61,2.92,3.38,2.5,2.9,3.2,2.45,3.0,3.0,2.45,2.87,3.77
SP1,2021-10-16,Real Sociedad,Mallorca,80,74,82,75,80,74,77,73,40,41,24,25,376.95,74.15,1,0,H,0,0,D,10,7,2,1,11,21,2,6,3,3,1,0,0.4,0.36,0.25,0.21,1.31,1.17,7.43,6.4,1.4,4.5,8.5,1.47,4.1,7.5,1.45,4.5,7.5,1.44,4.51,9.05,1.44,4.2,8.0,1.4,4.4,7.5,1.5,4.34,7.92
SP1,2021-10-17,Rayo Vallecano,Elche,74,75,78,76,74,75,72,72,36,37,26,27,67.2,72.98,2,1,H,1,1,D,10,7,4,3,16,11,6,2,2,2,0,0,1.11,0.33,1.11,0.24,2.12,0.57,7.16,9.15,1.8,3.5,4.75,1.75,3.6,4.75,1.8,3.55,4.7,1.84,3.73,4.7,1.8,3.5,4.6,1.8,3.4,4.6,1.89,3.36,5.06
SP1,2021-10-17,Celta Vigo,Sevilla,76,82,80,81,76,81,75,83,34,43,25,25,120.0,385.0,0,1,A,0,0,D,14,8,3,2,13,9,5,4,2,3,0,0,0.89,0.83,0.69,0.18,1.34,1.29,16.4,13.82,3.4,3.25,2.2,3.3,3.1,2.3,3.4,3.15,2.25,3.57,3.22,2.32,3.4,3.1,2.25,3.3,3.13,2.2,3.02,3.2,2.65
SP1,2021-10-17,Villarreal,Osasuna,80,76,83,78,79,76,79,76,39,32,26,26,408.9,108.45,1,2,A,0,1,A,11,6,6,2,6,14,4,4,1,5,0,0,0.71,0.96,0.69,0.61,1.06,1.59,5.31,15.0,1.66,3.75,5.25,1.66,3.6,5.5,1.67,3.9,5.25,1.67,4.07,5.55,1.7,3.7,5.0,1.65,3.75,5.0,1.55,4.23,6.89
SP1,2021-10-17,Barcelona,Valencia,83,77,85,77,84,77,80,78,47,44,25,23,735.6,310.6,3,1,H,2,1,H,12,9,5,3,16,13,9,3,2,3,0,0,2.38,0.38,1.56,0.21,2.77,0.15,12.13,12.04,1.5,4.33,6.5,1.5,4.2,6.75,1.55,4.3,5.75,1.56,4.29,6.66,1.5,4.2,6.5,1.5,4.2,5.75,1.55,4.68,6.04
SP1,2021-10-18,Alaves,Real Betis,74,79,74,79,74,80,75,78,43,38,25,27,65.349999,259.0,0,1,A,0,0,D,14,19,2,4,8,11,7,7,1,1,0,0,1.36,1.48,0.91,1.39,1.28,1.44,22.54,10.0,3.5,3.3,2.15,3.1,3.25,2.3,3.5,3.35,2.15,3.62,3.46,2.19,3.5,3.25,2.15,3.4,3.3,2.1,3.63,3.35,2.23
SP1,2021-10-18,Espanyol,Cadiz,77,74,77,76,77,74,76,73,38,37,25,27,131.6,67.8,2,0,H,1,0,H,14,13,6,2,8,10,7,9,1,0,0,0,1.74,0.6,0.74,0.57,2.34,0.44,20.18,11.45,1.66,3.6,5.75,1.7,3.75,5.0,1.67,3.65,5.5,1.68,3.88,5.84,1.67,3.6,5.5,1.65,3.5,5.5,1.74,3.63,5.81
SP1,2021-10-22,Osasuna,Granada,76,77,78,77,76,77,76,78,32,39,26,26,108.45,103.75,1,1,D,1,0,H,17,9,6,4,15,11,4,1,1,3,1,0,1.24,0.43,0.64,0.35,2.08,0.63,9.23,9.38,1.72,3.5,5.25,1.78,3.6,4.5,1.77,3.45,5.0,1.81,3.57,5.25,1.75,3.5,5.0,1.75,3.6,5.0,1.69,3.77,5.96
SP1,2021-10-23,Valencia,Mallorca,77,74,77,75,77,74,78,73,44,41,23,25,310.6,74.15,2,2,D,0,2,A,20,9,6,4,15,19,5,0,4,5,0,2,1.47,0.81,1.32,0.72,1.91,0.8,3.75,7.4,1.66,3.8,5.25,1.7,3.8,4.8,1.7,3.6,5.5,1.7,3.99,5.35,1.67,3.7,5.25,1.67,3.8,5.5,1.82,3.54,5.22
SP1,2021-10-23,Cadiz,Alaves,74,74,76,74,74,74,73,75,37,43,27,25,67.8,65.349999,0,2,A,0,1,A,23,8,4,4,11,14,14,3,0,2,0,0,2.0,1.87,1.15,0.92,1.44,1.31,5.4,14.68,2.5,2.9,3.2,2.55,2.85,3.1,2.6,2.95,3.1,2.7,2.97,3.18,2.5,3.0,3.1,2.63,2.9,3.1,2.6,2.96,3.34
SP1,2021-10-23,Elche,Espanyol,75,77,76,78,75,77,72,76,37,38,27,25,72.98,131.6,2,2,D,1,0,H,12,20,7,7,15,9,3,7,3,1,0,0,1.0,1.05,0.35,0.54,1.31,1.36,8.92,17.33,2.7,3.0,2.87,2.65,2.87,3.0,2.7,3.0,2.85,2.82,3.0,2.99,2.7,3.0,2.8,2.63,3.0,2.75,2.67,3.03,3.16
SP1,2021-10-23,Athletic Club,Villarreal,78,80,80,83,79,79,78,79,31,39,25,26,226.05,408.9,2,1,H,1,1,D,14,11,7,3,7,12,9,2,0,3,0,0,2.64,0.61,1.01,0.52,2.75,0.17,9.93,28.22,2.45,3.0,3.2,2.5,3.0,3.0,2.5,3.15,3.0,2.52,3.24,3.16,2.45,3.1,3.0,2.4,3.2,2.9,2.46,3.29,3.21
SP1,2021-10-24,Sevilla,Levante,82,77,81,79,81,77,83,75,43,42,25,26,385.0,77.9,5,3,H,3,1,H,18,12,11,7,13,6,10,3,1,2,0,0,1.83,1.29,1.79,0.55,1.78,0.97,9.28,17.82,1.44,4.2,8.0,1.46,4.33,7.25,1.47,4.4,7.0,1.46,4.65,8.09,1.44,4.2,7.5,1.44,4.2,7.0,1.51,4.29,7.73
SP1,2021-10-24,Barcelona,Real Madrid,83,84,85,83,84,86,80,83,47,36,25,25,735.6,770.75,1,2,A,0,1,A,12,10,2,5,17,13,7,4,1,1,0,0,1.59,1.55,1.56,0.91,1.39,1.33,6.98,20.0,2.75,3.6,2.45,2.6,3.75,2.45,2.65,3.45,2.6,2.73,3.85,2.53,2.7,3.5,2.45,2.63,3.6,2.4,2.46,3.83,2.82
SP1,2021-10-24,Real Betis,Rayo Vallecano,79,74,79,78,80,74,78,72,38,36,27,26,259.0,67.2,3,2,H,2,1,H,11,14,5,3,12,12,4,4,1,2,0,0,1.43,1.17,0.58,0.9,1.61,1.1,12.67,10.73,1.83,3.75,4.2,1.8,3.6,4.2,1.8,3.8,4.3,1.83,3.84,4.6,1.8,3.6,4.4,1.75,3.75,4.2,1.79,3.8,4.91
SP1,2021-10-24,Atletico Madrid,Real Sociedad,84,80,84,82,83,80,83,77,43,40,25,24,661.8,376.95,2,2,D,0,1,A,17,8,4,4,14,14,4,3,1,3,0,0,1.75,0.83,0.97,0.68,2.16,0.61,9.92,16.47,1.61,3.7,6.0,1.75,3.6,5.0,1.65,3.75,5.75,1.65,3.94,6.09,1.63,3.6,5.8,1.62,3.6,5.5,1.67,3.77,6.19
SP1,2021-10-25,Getafe,Celta Vigo,76,76,75,80,76,76,76,75,43,34,25,25,208.68,120.0,0,3,A,0,0,D,11,16,2,8,15,11,2,7,2,2,2,0,0.46,2.48,0.38,2.03,0.2,2.69,14.21,5.93,2.5,3.0,3.1,2.65,2.95,2.85,2.65,2.95,3.0,2.77,2.95,3.11,2.55,3.0,3.0,2.6,2.9,2.9,2.83,2.97,3.02
SP1,2021-10-26,Alaves,Elche,74,75,74,76,74,75,75,72,43,37,25,27,65.349999,72.98,1,0,H,0,0,D,16,4,5,1,13,9,4,7,1,1,0,0,1.81,0.28,1.54,0.11,2.63,0.23,11.2,7.77,2.3,3.0,3.5,2.15,3.1,3.6,2.35,2.95,3.5,2.4,3.04,3.61,2.3,3.0,3.5,2.3,3.0,3.5,2.27,3.01,3.99
SP1,2021-10-26,Espanyol,Athletic Club,77,78,78,80,77,79,76,78,38,31,25,25,131.6,226.05,1,1,D,1,0,H,14,23,3,7,7,12,8,12,1,2,1,0,1.23,3.68,0.4,2.95,0.19,2.73,14.81,9.48,2.9,3.0,2.62,2.7,3.0,2.8,2.95,3.0,2.65,3.03,3.06,2.74,2.9,3.0,2.6,3.0,3.0,2.63,2.85,3.14,2.84
SP1,2021-10-26,Villarreal,Cadiz,80,74,83,76,79,74,79,73,39,37,26,27,408.9,67.8,3,3,D,1,2,A,14,9,5,4,13,9,8,2,3,6,0,0,1.95,1.54,1.89,1.46,1.66,1.1,4.37,19.81,1.3,5.5,9.5,1.37,5.0,8.25,1.3,5.5,10.0,1.33,5.59,10.83,1.32,5.0,9.5,1.3,5.25,11.5,1.3,5.73,12.48
SP1,2021-10-27,Mallorca,Sevilla,74,82,75,81,74,81,73,83,41,43,25,25,74.15,385.0,1,1,D,1,0,H,11,10,4,3,16,14,4,2,3,6,1,0,2.27,1.42,1.08,1.38,2.01,0.75,13.65,4.59,5.5,3.3,1.75,6.0,3.25,1.71,5.25,3.35,1.8,5.49,3.28,1.86,5.25,3.25,1.78,4.6,3.4,1.8,5.2,3.29,1.89
SP1,2021-10-27,Rayo Vallecano,Barcelona,74,83,78,85,74,84,72,80,36,47,26,25,67.2,735.6,1,0,H,1,0,H,13,16,3,1,17,12,3,7,2,2,0,0,0.79,2.86,0.75,2.07,0.21,2.69,11.0,4.71,4.33,3.75,1.8,4.6,3.9,1.71,4.3,3.85,1.77,4.51,3.83,1.85,4.2,3.7,1.8,4.1,3.9,1.75,4.31,3.71,1.92
SP1,2021-10-27,Real Betis,Valencia,79,77,79,77,80,77,78,78,38,44,27,23,259.0,310.6,4,1,H,2,1,H,14,10,9,4,14,19,4,7,2,5,0,0,2.58,2.18,0.87,1.15,1.65,1.1,3.95,8.11,1.85,3.5,4.5,1.87,3.5,4.2,1.85,3.65,4.2,1.88,3.64,4.56,1.85,3.5,4.33,1.83,3.6,4.0,1.93,3.68,4.29
SP1,2021-10-27,Real Madrid,Osasuna,84,76,83,78,86,76,83,76,36,32,25,26,770.75,108.45,0,0,D,0,0,D,17,7,3,0,12,10,11,3,1,1,0,0,0.66,0.71,0.56,0.58,1.22,1.4,7.8,18.58,1.3,5.5,9.0,1.38,5.0,7.5,1.33,5.5,8.5,1.34,5.88,8.94,1.32,5.25,9.0,1.3,5.25,8.5,1.31,6.2,10.05
SP1,2021-10-28,Celta Vigo,Real Sociedad,76,80,80,82,76,80,75,77,34,40,25,24,120.0,376.95,0,2,A,0,0,D,14,11,6,4,12,11,7,6,1,0,0,0,1.0,1.43,0.44,0.74,0.94,1.75,6.71,12.71,2.87,3.4,2.45,2.85,3.5,2.35,2.8,3.3,2.55,2.82,3.48,2.63,2.75,3.25,2.55,2.7,3.3,2.5,3.07,3.25,2.58
SP1,2021-10-28,Granada,Getafe,77,76,77,75,77,76,78,76,39,43,26,25,103.75,208.68,1,1,D,0,1,A,18,6,3,4,10,15,5,0,1,4,0,0,2.26,0.58,1.34,0.57,2.62,0.24,3.76,13.32,2.6,2.8,3.25,2.6,2.87,3.0,2.6,2.9,3.1,2.67,2.88,3.34,2.55,2.8,3.2,2.5,2.9,3.0,2.25,3.03,4.05
SP1,2021-10-28,Levante,Atletico Madrid,77,84,79,85,77,83,75,83,42,43,26,25,77.9,661.8,2,2,D,1,1,D,10,7,3,3,15,11,5,2,3,5,1,0,2.12,1.33,0.56,0.79,2.04,0.7,15.3,10.56,5.5,3.8,1.65,5.75,3.6,1.63,5.25,3.75,1.67,5.99,3.64,1.71,5.8,3.5,1.67,5.25,3.6,1.65,7.73,4.28,1.51
SP1,2021-10-30,Elche,Real Madrid,75,84,76,83,75,86,72,83,37,36,27,25,72.98,770.75,1,2,A,0,1,A,13,17,4,5,11,13,5,4,2,0,1,0,1.15,1.61,1.05,1.5,1.01,1.73,17.6,11.64,7.5,4.5,1.44,7.5,4.4,1.44,6.75,4.7,1.45,7.96,4.62,1.46,7.5,4.4,1.42,7.0,4.6,1.44,6.85,4.37,1.54
SP1,2021-10-30,Sevilla,Osasuna,82,76,81,78,81,76,83,75,43,32,25,26,385.0,108.45,2,0,H,1,0,H,16,10,4,3,17,10,4,5,2,2,0,0,2.43,0.79,2.33,0.68,2.5,0.34,6.5,22.21,1.53,4.0,7.0,1.51,4.33,6.25,1.53,4.1,6.75,1.52,4.41,7.05,1.52,4.0,6.5,1.5,3.9,6.5,1.52,4.25,7.48
SP1,2021-10-30,Valencia,Villarreal,78,80,77,83,77,79,78,79,44,39,23,26,310.6,408.9,2,0,H,1,0,H,9,11,3,1,19,17,7,6,2,4,0,0,1.66,0.8,0.84,0.74,2.15,0.62,12.04,2.08,2.9,3.4,2.45,3.1,3.5,2.2,2.95,3.4,2.4,3.0,3.51,2.47,2.9,3.4,2.35,2.8,3.4,2.38,3.08,3.25,2.56
SP1,2021-10-30,Barcelona,Alaves,83,74,85,74,84,74,80,75,47,43,25,25,735.6,65.349999,1,1,D,0,0,D,16,3,5,2,11,11,9,0,0,2,0,0,1.56,0.6,1.38,0.6,2.18,0.56,6.06,35.55,1.28,5.5,11.0,1.27,6.0,10.5,1.33,5.5,8.75,1.32,5.79,10.48,1.27,5.5,11.0,1.29,5.5,9.0,1.24,6.72,12.92
SP1,2021-10-31,Cadiz,Mallorca,74,74,76,75,74,74,73,73,37,41,27,25,67.8,74.15,1,1,D,0,1,A,13,11,2,5,14,16,6,5,3,7,0,2,1.8,1.04,0.53,0.35,2.04,0.71,8.07,6.22,2.5,3.0,3.2,2.4,3.0,3.2,2.55,2.95,3.1,2.68,2.99,3.18,2.55,3.0,3.0,2.45,3.0,3.0,2.82,3.01,2.98
SP1,2021-10-31,Atletico Madrid,Real Betis,84,79,85,79,83,80,83,77,43,38,25,27,661.8,259.0,3,0,H,1,0,H,18,8,9,1,11,12,13,0,0,0,0,0,2.55,0.52,2.35,0.5,2.66,0.23,13.82,12.84,1.6,3.8,6.0,1.55,4.1,6.0,1.6,4.0,6.0,1.61,4.02,6.46,1.55,3.8,6.5,1.55,3.9,5.75,1.5,4.41,7.68
SP1,2021-10-31,Getafe,Espanyol,76,77,75,78,76,77,76,76,43,38,25,25,208.68,131.6,2,1,H,1,1,D,12,10,7,3,18,11,6,11,7,4,0,0,0.95,0.62,0.51,0.27,1.66,0.99,8.11,10.43,2.45,3.0,3.2,2.3,3.1,3.3,2.35,3.05,3.3,2.44,3.13,3.41,2.38,3.0,3.25,2.3,3.0,3.25,2.66,2.95,3.26
SP1,2021-10-31,Real Sociedad,Athletic Club,80,78,82,80,80,79,77,78,40,31,24,25,376.95,226.05,1,1,D,0,0,D,8,11,3,5,21,14,2,7,4,3,0,1,1.06,1.01,0.31,0.95,1.41,1.23,7.11,12.9,2.1,3.2,3.8,2.05,3.2,3.75,2.15,3.25,3.65,2.19,3.17,3.99,2.1,3.1,3.8,2.05,3.25,3.6,2.2,3.19,3.93
SP1,2021-11-01,Rayo Vallecano,Celta Vigo,74,76,78,80,74,76,72,75,36,34,26,25,67.2,120.0,0,0,D,0,0,D,11,10,5,4,13,14,4,7,2,5,0,0,0.47,0.44,0.36,0.21,1.29,1.22,8.63,7.0,2.37,3.25,3.1,2.4,3.3,2.9,2.45,3.3,3.0,2.41,3.49,3.12,2.38,3.25,3.0,2.3,3.3,3.0,2.38,3.16,3.51
SP1,2021-11-01,Levante,Granada,77,77,79,77,77,77,75,78,42,39,26,26,77.9,103.75,0,3,A,0,2,A,12,12,3,6,14,13,3,5,4,2,0,0,1.33,1.46,0.45,0.74,1.26,1.46,10.87,8.6,1.95,3.4,4.0,1.98,3.5,3.75,2.0,3.4,3.85,2.05,3.49,4.03,1.95,3.4,3.9,1.95,3.4,3.7,2.14,3.34,3.9
SP1,2021-11-05,Athletic Club,Cadiz,78,74,80,76,79,74,78,73,31,37,25,27,226.05,67.8,0,1,A,0,1,A,15,8,5,4,14,19,5,1,2,1,0,0,0.58,0.49,0.36,0.31,1.38,1.18,2.78,12.91,1.36,4.75,9.0,1.36,4.8,9.0,1.4,4.6,8.25,1.38,4.97,10.07,1.36,4.5,9.5,1.36,4.8,9.5,1.42,4.67,9.55
SP1,2021-11-06,Espanyol,Granada,77,77,78,77,77,77,76,76,38,39,25,26,131.6,103.75,2,0,H,2,0,H,17,18,6,5,12,8,5,3,1,1,0,0,1.76,2.07,1.76,2.11,1.15,1.61,17.53,11.28,1.85,3.4,4.5,1.85,3.5,4.4,1.9,3.45,4.4,1.91,3.49,4.71,1.85,3.3,4.6,1.87,3.4,4.6,1.89,3.54,4.69
SP1,2021-11-06,Celta Vigo,Barcelona,76,83,80,81,76,84,75,80,34,47,25,25,120.0,735.6,3,3,D,0,3,A,18,10,4,6,18,18,3,1,3,6,0,0,1.77,1.14,1.21,1.14,1.87,0.88,6.83,10.0,3.3,3.6,2.1,3.25,3.7,2.1,3.3,3.55,2.15,3.43,3.72,2.17,3.3,3.5,2.15,3.25,3.5,2.1,3.9,3.54,2.07
SP1,2021-11-06,Alaves,Levante,74,77,74,79,74,77,75,74,43,42,25,26,65.349999,77.9,2,1,H,0,1,A,10,12,3,7,21,17,1,3,3,3,0,0,1.53,0.8,0.73,0.6,2.06,0.68,5.04,11.32,2.5,3.0,3.2,2.4,3.1,3.1,2.5,3.05,3.1,2.51,3.09,3.33,2.45,3.0,3.1,2.38,3.1,3.0,2.39,3.2,3.44
SP1,2021-11-06,Real Madrid,Rayo Vallecano,84,74,83,78,86,74,83,72,36,36,25,26,770.75,67.2,2,1,H,2,0,H,15,19,7,7,8,14,4,5,1,2,0,0,2.73,1.78,2.28,1.2,1.98,0.81,17.29,13.0,1.33,5.5,8.0,1.37,5.25,7.5,1.37,5.25,7.5,1.4,5.57,7.75,1.36,5.0,8.0,1.36,4.8,7.5,1.4,5.03,8.83
SP1,2021-11-07,Villarreal,Getafe,80,76,83,75,79,77,79,76,39,43,26,25,408.9,208.68,1,0,H,1,0,H,10,5,4,2,12,13,6,4,1,1,0,0,1.49,0.15,1.43,0.11,2.49,0.3,4.88,9.79,1.5,4.0,7.0,1.52,4.0,6.75,1.53,4.0,6.75,1.53,4.27,7.29,1.52,3.9,7.0,1.5,3.9,6.5,1.49,4.22,8.44
SP1,2021-11-07,Valencia,Atletico Madrid,78,84,77,84,77,84,78,83,44,43,23,25,310.6,661.8,3,3,D,0,1,A,11,13,5,7,12,17,9,0,2,2,0,0,1.57,2.64,0.99,0.98,0.59,2.2,11.72,8.62,4.5,3.2,1.95,4.2,3.2,1.98,4.1,3.35,1.95,4.72,3.25,1.98,4.4,3.2,1.9,4.0,3.3,1.91,4.67,3.21,2.01
SP1,2021-11-07,Mallorca,Elche,74,75,75,76,74,75,73,73,41,37,25,27,74.15,72.98,2,2,D,0,0,D,18,7,6,2,11,19,3,3,2,3,0,0,2.05,0.68,0.98,0.61,2.42,0.4,6.71,9.32,2.05,3.0,4.33,2.1,3.1,3.9,2.05,3.15,4.1,2.09,3.14,4.43,2.0,3.1,4.2,2.0,3.1,4.0,2.14,3.07,4.36
SP1,2021-11-07,Osasuna,Real Sociedad,76,80,78,82,77,80,75,77,32,40,26,24,108.45,376.95,0,2,A,0,0,D,6,9,2,4,11,12,5,2,0,2,0,0,0.5,1.43,0.15,0.67,0.47,2.27,11.58,8.05,3.1,3.3,2.35,3.0,3.4,2.3,3.05,3.25,2.4,3.19,3.41,2.41,3.1,3.2,2.35,3.0,3.2,2.3,3.35,3.23,2.42
SP1,2021-11-07,Real Betis,Sevilla,79,82,79,80,80,82,77,83,38,43,27,25,259.0,385.0,0,2,A,0,0,D,8,11,1,2,12,13,2,1,3,1,1,0,0.39,1.42,0.15,0.81,0.47,2.29,22.0,7.18,3.0,3.3,2.45,2.9,3.3,2.4,2.9,3.25,2.5,3.07,3.35,2.51,2.9,3.2,2.5,2.8,3.2,2.45,2.97,3.17,2.7
SP1,2021-11-19,Levante,Athletic Club,77,78,79,80,77,79,74,78,42,31,26,25,77.9,226.05,0,0,D,0,0,D,15,7,2,2,16,7,6,3,2,1,0,0,0.63,0.45,0.35,0.24,1.46,1.1,9.39,9.57,3.5,3.3,2.15,3.3,3.3,2.2,3.45,3.15,2.25,3.61,3.29,2.27,3.4,3.2,2.2,3.4,3.3,2.2,3.55,3.38,2.25
SP1,2021-11-20,Celta Vigo,Villarreal,76,80,80,83,76,79,75,79,34,39,25,26,120.0,408.9,1,1,D,0,1,A,12,18,3,6,14,17,3,5,1,1,0,0,0.91,2.72,0.37,2.12,0.28,2.59,5.3,9.32,2.75,3.3,2.55,2.8,3.25,2.5,2.8,3.3,2.55,2.86,3.32,2.69,2.75,3.25,2.55,2.8,3.3,2.6,2.48,3.31,3.17
SP1,2021-11-20,Sevilla,Alaves,82,74,80,75,82,73,83,75,43,43,25,25,385.0,65.349999,2,2,D,1,2,A,16,8,6,3,14,17,5,2,4,4,0,0,1.38,1.47,1.34,0.55,1.25,1.46,4.33,13.71,1.44,4.33,8.5,1.4,4.33,9.25,1.45,4.4,7.5,1.42,4.67,9.34,1.42,4.2,8.5,1.4,4.2,8.0,1.47,4.21,9.1
SP1,2021-11-20,Atletico Madrid,Osasuna,84,76,84,78,84,77,83,75,43,32,25,26,661.8,108.45,1,0,H,0,0,D,15,9,2,3,7,8,7,4,2,2,0,0,1.61,0.38,1.36,0.25,2.38,0.41,12.0,14.65,1.44,4.33,8.0,1.41,4.6,8.0,1.4,4.4,9.5,1.41,4.66,9.76,1.4,4.2,9.0,1.4,4.2,8.0,1.47,4.28,8.86
SP1,2021-11-20,Barcelona,Espanyol,83,77,81,78,84,77,80,76,47,38,25,25,735.6,131.6,1,0,H,0,0,D,16,12,6,2,17,9,4,4,4,2,0,0,1.51,1.41,0.54,1.13,1.44,1.26,6.26,16.95,1.36,5.25,7.5,1.38,4.8,8.25,1.35,5.0,9.0,1.39,5.19,8.96,1.35,4.8,9.0,1.33,5.0,8.0,1.51,4.41,6.91
SP1,2021-11-21,Getafe,Cadiz,76,74,75,76,77,74,76,73,43,37,25,27,208.68,67.8,4,0,H,1,0,H,17,10,8,2,14,7,3,7,2,4,0,0,1.54,0.37,1.5,0.22,2.3,0.47,10.54,15.07,2.0,3.1,4.33,1.93,3.1,4.5,2.0,3.1,4.4,2.04,3.19,4.55,2.0,3.1,4.33,1.95,3.0,4.33,2.1,3.04,4.59
SP1,2021-11-21,Granada,Real Madrid,77,84,77,83,77,86,76,83,39,36,26,25,103.75,770.75,1,4,A,1,2,A,11,21,3,10,10,7,9,6,1,1,1,0,0.56,3.78,0.32,3.51,0.06,2.9,15.5,16.0,7.0,4.5,1.45,7.75,4.33,1.44,6.25,4.6,1.5,7.56,4.63,1.48,7.0,4.2,1.47,6.0,4.5,1.45,7.25,4.91,1.46
SP1,2021-11-21,Elche,Real Betis,75,79,76,79,75,80,73,77,37,38,27,27,72.98,259.0,0,3,A,0,3,A,14,9,4,4,12,14,10,1,1,2,0,1,0.82,1.6,0.73,0.71,0.71,2.04,16.69,17.94,3.6,3.4,2.1,3.6,3.3,2.05,3.5,3.35,2.15,3.59,3.43,2.21,3.6,3.3,2.1,3.3,3.3,2.15,3.36,3.17,2.44
SP1,2021-11-21,Real Sociedad,Valencia,80,78,82,77,80,77,77,78,40,44,24,23,376.95,310.6,0,0,D,0,0,D,9,8,2,3,11,16,2,4,4,7,1,0,0.41,0.58,0.37,0.37,1.07,1.47,6.5,11.84,1.72,3.8,4.75,1.75,3.8,4.5,1.73,3.75,4.7,1.74,4.03,4.97,1.7,3.8,4.8,1.7,3.6,4.75,1.64,4.11,5.89
SP1,2021-11-22,Rayo Vallecano,Mallorca,74,74,78,75,74,74,73,73,36,41,26,25,67.2,74.15,3,1,H,2,0,H,15,11,6,5,14,17,6,4,3,2,0,0,1.95,0.83,1.11,0.72,2.23,0.55,5.66,4.92,1.8,3.5,4.75,1.8,3.6,4.5,1.83,3.5,4.5,1.85,3.5,5.01,1.8,3.4,4.75,1.8,3.4,4.4,1.95,3.3,4.82
SP1,2021-11-26,Athletic Club,Granada,79,77,80,77,79,77,78,76,31,39,25,26,226.05,103.75,2,2,D,1,2,A,17,8,5,4,12,9,8,3,1,1,1,0,1.34,0.98,1.03,0.23,1.62,1.07,6.17,18.46,1.36,4.75,9.5,1.43,4.33,8.0,1.4,4.5,8.75,1.42,4.69,9.41,1.38,4.4,9.0,1.36,4.75,9.5,1.4,4.79,9.8
SP1,2021-11-27,Alaves,Celta Vigo,74,76,75,80,73,76,75,75,43,34,25,25,65.349999,120.0,1,2,A,1,1,D,13,8,5,5,12,15,5,3,3,2,0,0,0.68,1.54,0.58,0.53,0.51,2.24,19.56,8.0,2.9,3.1,2.55,2.8,3.1,2.6,2.95,3.1,2.55,3.09,3.19,2.6,2.9,3.1,2.55,3.0,3.13,2.55,3.13,3.14,2.61
SP1,2021-11-27,Valencia,Rayo Vallecano,78,74,77,78,77,74,78,73,44,36,23,26,310.6,67.2,1,1,D,1,0,H,8,12,4,6,18,15,3,9,6,5,0,0,1.58,2.03,0.84,1.29,0.97,1.73,7.28,6.14,2.0,3.4,3.9,2.05,3.4,3.7,2.0,3.4,3.85,2.04,3.44,4.13,2.0,3.25,3.9,1.95,3.3,3.8,2.1,3.31,4.09
SP1,2021-11-27,Mallorca,Getafe,74,76,75,75,74,77,73,76,41,43,25,25,74.15,208.68,0,0,D,0,0,D,12,11,2,0,8,19,2,0,3,0,0,0,0.47,0.74,0.47,0.69,1.0,1.59,11.67,6.22,2.3,2.9,3.75,2.25,3.0,3.5,2.3,2.95,3.6,2.36,2.98,3.8,2.25,3.0,3.5,2.25,2.9,3.4,2.38,2.91,3.87
SP1,2021-11-27,Villarreal,Barcelona,80,83,83,82,79,83,79,80,39,47,26,25,408.9,735.6,1,3,A,0,0,D,14,12,2,6,19,14,4,4,2,2,0,0,1.56,3.37,1.39,1.29,0.36,2.51,6.18,13.06,2.7,3.4,2.6,2.6,3.5,2.55,2.85,3.3,2.5,2.75,3.53,2.66,2.7,3.4,2.55,2.63,3.4,2.5,2.9,3.44,2.59
SP1,2021-11-28,Real Betis,Levante,79,77,79,79,80,77,77,74,38,42,27,26,259.0,77.9,3,1,H,0,1,A,26,8,8,2,16,9,5,8,2,3,0,0,2.31,0.65,1.78,0.54,2.54,0.31,4.67,10.79,1.66,4.2,4.75,1.7,4.0,4.6,1.67,4.0,4.9,1.68,4.41,4.98,1.65,4.0,4.8,1.65,3.9,4.75,1.7,4.29,4.9
SP1,2021-11-28,Espanyol,Real Sociedad,77,80,78,82,77,80,76,78,38,40,25,24,131.6,376.95,1,0,H,0,0,D,8,10,2,4,15,7,2,9,1,1,0,0,0.38,1.33,0.31,0.33,0.44,2.33,17.05,8.33,3.2,3.2,2.3,3.4,3.3,2.15,3.15,3.25,2.35,3.29,3.26,2.43,3.2,3.25,2.3,3.0,3.25,2.3,3.08,3.18,2.62
SP1,2021-11-28,Cadiz,Atletico Madrid,74,84,76,84,74,84,73,83,37,43,27,25,67.8,661.8,1,4,A,0,0,D,8,17,0,7,13,11,4,8,2,0,0,0,0.77,3.33,0.7,2.33,0.14,2.78,17.0,9.65,8.0,3.8,1.5,7.5,4.1,1.47,8.25,4.1,1.47,8.13,4.1,1.52,7.5,3.9,1.5,7.0,3.9,1.45,8.2,4.43,1.48
SP1,2021-11-28,Real Madrid,Sevilla,84,82,83,80,86,82,83,83,36,43,25,25,770.75,385.0,2,1,H,1,1,D,14,11,4,6,10,9,0,4,3,3,0,0,1.25,1.3,0.36,0.89,1.3,1.4,21.33,20.21,1.7,4.0,4.75,1.78,3.9,4.2,1.67,3.85,5.0,1.68,4.17,5.2,1.67,3.9,4.8,1.65,3.8,4.8,1.75,3.83,5.19
SP1,2021-11-29,Osasuna,Elche,76,75,78,76,77,75,75,73,32,37,26,27,108.45,72.98,1,1,D,1,1,D,17,10,4,4,16,12,5,4,1,3,0,0,2.14,1.06,1.09,1.06,2.18,0.61,6.67,11.25,1.8,3.4,4.75,1.85,3.5,4.4,1.9,3.4,4.5,1.87,3.5,4.92,1.85,3.4,4.5,1.83,3.3,4.5,1.79,3.58,5.36
SP1,2021-12-01,Real Madrid,Athletic Club,84,79,83,80,86,79,83,78,36,31,25,25,770.75,226.05,1,0,H,1,0,H,17,18,7,2,12,13,7,6,2,3,0,0,1.61,2.7,1.49,2.56,0.69,2.11,11.61,14.79,1.44,4.75,7.0,1.44,4.6,7.0,1.45,4.6,6.75,,,,1.44,4.33,7.5,1.4,4.6,7.0,1.49,4.64,7.66
SP1,2021-12-03,Granada,Alaves,77,74,77,75,77,73,77,76,39,43,26,25,103.75,65.349999,2,1,H,1,0,H,9,14,2,2,17,15,3,5,2,2,0,0,1.08,1.38,0.48,1.17,1.1,1.57,7.44,9.2,2.37,3.1,3.25,2.55,2.9,3.1,2.45,3.0,3.2,2.47,3.16,3.32,2.5,3.0,3.1,2.45,3.0,3.25,2.5,2.99,3.44
SP1,2021-12-04,Sevilla,Villarreal,82,80,80,83,82,79,83,79,43,39,25,26,385.0,408.9,1,0,H,1,0,H,8,16,3,2,9,10,5,8,2,2,0,0,0.47,1.91,0.43,1.83,0.26,2.58,9.83,8.19,2.0,3.3,4.0,2.0,3.3,3.9,2.0,3.3,4.1,2.05,3.41,4.13,1.95,3.4,3.9,2.0,3.4,3.9,1.99,3.43,4.35
SP1,2021-12-04,Barcelona,Real Betis,83,79,82,79,83,80,80,78,47,38,25,27,735.6,259.0,0,1,A,0,0,D,12,8,3,2,17,12,6,1,1,2,0,0,1.21,0.64,1.16,0.62,1.86,0.83,5.29,13.81,1.5,4.5,6.5,1.5,4.5,6.0,1.53,4.6,5.5,1.52,4.8,6.28,1.47,4.5,6.5,1.45,4.5,6.0,1.52,4.68,6.5
SP1,2021-12-04,Atletico Madrid,Mallorca,84,74,84,75,84,74,83,73,43,41,25,25,661.8,74.15,1,2,A,0,0,D,14,10,6,3,13,16,8,5,2,5,0,0,2.07,0.78,1.48,0.69,2.37,0.44,4.0,14.29,1.3,5.25,11.0,1.34,4.8,10.0,1.4,4.5,9.0,1.33,5.34,11.81,1.32,4.8,11.0,1.3,4.8,10.5,1.35,5.02,11.47
SP1,2021-12-04,Real Sociedad,Real Madrid,80,84,82,83,80,86,78,83,40,36,24,25,376.95,770.75,0,2,A,0,0,D,11,13,0,8,12,8,5,5,2,0,0,0,0.59,2.19,0.55,2.13,0.31,2.55,9.85,32.0,3.3,3.3,2.25,3.1,3.5,2.2,3.3,3.4,2.2,3.31,3.58,2.27,3.3,3.4,2.15,3.1,3.4,2.2,3.54,3.48,2.2
SP1,2021-12-05,Rayo Vallecano,Espanyol,74,77,78,78,74,77,73,76,36,38,26,25,67.2,131.6,1,0,H,0,0,D,7,10,0,3,18,11,6,3,3,3,0,1,0.65,0.47,0.53,0.36,1.51,1.06,5.82,11.84,2.15,3.1,3.8,2.15,3.25,3.5,2.15,3.2,3.6,2.16,3.31,3.87,2.15,3.1,3.7,2.1,3.2,3.5,2.02,3.38,4.34
SP1,2021-12-05,Elche,Cadiz,75,74,76,75,75,75,73,73,37,37,27,27,72.98,67.8,3,1,H,1,0,H,8,15,3,6,16,15,3,3,7,3,0,0,2.33,1.51,1.55,0.53,2.04,0.73,6.67,8.26,2.05,3.1,4.2,2.05,3.2,3.8,2.05,3.1,4.1,2.02,3.36,4.36,2.0,3.1,4.2,1.95,3.1,4.1,2.13,3.11,4.31
SP1,2021-12-05,Levante,Osasuna,77,76,79,78,77,77,74,75,42,32,26,26,77.9,108.45,0,0,D,0,0,D,11,11,3,1,12,16,7,2,2,3,0,0,0.51,0.25,0.41,0.16,1.54,0.93,9.21,11.37,2.4,3.2,3.1,2.5,3.25,2.85,2.5,3.25,2.95,2.56,3.25,3.1,2.5,3.2,2.9,2.4,3.2,2.9,2.39,3.25,3.38
SP1,2021-12-05,Celta Vigo,Valencia,76,78,80,77,76,77,75,79,34,44,25,23,120.0,310.6,1,2,A,1,1,D,11,8,5,5,10,22,6,4,3,2,0,0,0.65,1.01,0.5,0.71,0.96,1.7,3.36,9.7,2.1,3.25,3.75,2.05,3.3,3.7,2.1,3.35,3.55,2.16,3.4,3.77,2.1,3.3,3.6,2.05,3.3,3.5,1.9,3.57,4.58
SP1,2021-12-06,Getafe,Athletic Club,76,79,75,80,77,79,76,78,43,31,25,25,208.68,226.05,0,0,D,0,0,D,17,9,5,3,14,14,5,3,2,1,0,0,1.36,0.47,0.58,0.4,2.16,0.58,12.9,7.6,3.5,3.0,2.3,3.4,2.95,2.35,3.45,3.0,2.35,3.54,3.11,2.39,3.4,2.9,2.35,3.4,2.9,2.3,3.62,2.93,2.47
SP1,2021-12-10,Mallorca,Celta Vigo,74,76,75,80,74,76,73,75,41,34,25,25,74.15,120.0,0,0,D,0,0,D,12,14,1,5,14,11,7,4,3,2,0,0,0.9,1.33,0.73,0.3,0.93,1.77,3.49,4.31,2.5,3.0,3.1,2.55,3.1,2.87,2.55,2.95,3.1,2.62,3.0,3.26,2.5,2.9,3.2,2.55,3.0,3.1,2.91,2.97,2.93
SP1,2021-12-11,Espanyol,Levante,77,77,78,79,77,77,76,74,38,42,25,26,131.6,77.9,4,3,H,1,2,A,17,14,8,5,9,15,4,2,4,4,0,1,2.14,3.39,1.78,2.88,0.62,2.21,14.72,10.54,2.05,3.3,3.8,1.95,3.5,3.9,2.05,3.35,3.7,2.07,3.43,4.02,2.05,3.25,3.75,2.05,3.3,3.9,1.95,3.67,4.18
SP1,2021-12-11,Alaves,Getafe,74,76,75,75,73,77,76,76,43,43,25,25,65.349999,208.68,1,1,D,0,1,A,9,11,1,2,18,15,1,1,4,4,1,0,0.99,1.05,0.45,0.92,1.29,1.36,4.79,11.26,2.45,2.9,3.2,2.35,2.95,3.4,2.55,2.9,3.2,2.61,2.88,3.43,2.5,2.87,3.2,2.5,2.9,3.1,2.62,2.78,3.55
SP1,2021-12-11,Valencia,Elche,78,75,77,76,77,75,79,73,44,37,23,27,310.6,72.98,2,1,H,1,0,H,21,8,8,4,15,12,8,1,3,2,0,0,1.68,1.13,1.37,1.18,1.76,0.97,6.21,4.73,1.75,3.5,5.0,1.75,3.6,4.8,1.8,3.6,4.7,1.79,3.54,5.44,1.75,3.5,5.0,1.75,3.5,4.6,1.67,3.77,6.26
SP1,2021-12-11,Athletic Club,Sevilla,79,82,80,81,79,81,78,82,31,43,25,25,226.05,385.0,0,1,A,0,1,A,13,6,2,1,17,10,9,2,4,3,0,0,2.36,0.21,1.77,0.2,2.84,0.09,9.21,18.86,2.5,3.0,3.1,2.6,3.1,2.85,2.5,3.05,3.1,2.58,3.1,3.21,2.5,3.0,3.1,2.45,3.0,3.0,2.49,3.02,3.42
SP1,2021-12-12,Villarreal,Rayo Vallecano,80,74,83,78,79,74,79,73,39,36,26,26,408.9,67.2,2,0,H,2,0,H,13,19,5,7,16,14,5,6,1,3,0,0,2.11,1.41,1.25,1.27,1.91,0.87,6.1,10.0,1.72,3.8,4.75,1.75,3.75,4.5,1.75,3.8,4.5,1.78,3.94,4.8,1.72,3.6,4.8,1.75,3.6,4.5,1.79,3.79,4.92
SP1,2021-12-12,Osasuna,Barcelona,76,83,78,82,77,83,75,80,32,47,26,25,108.45,735.6,2,2,D,1,1,D,8,10,3,2,16,16,6,5,5,4,0,0,0.37,1.39,0.25,0.75,0.43,2.35,9.6,6.35,4.0,3.5,1.9,4.2,3.6,1.82,4.2,3.5,1.9,3.98,3.57,2.03,4.0,3.5,1.9,3.75,3.4,1.95,4.24,3.43,2.02
SP1,2021-12-12,Real Betis,Real Sociedad,79,80,79,82,80,80,78,78,38,40,27,24,259.0,376.95,4,0,H,1,0,H,11,15,5,5,12,10,4,7,3,1,0,0,1.22,1.07,1.18,0.36,1.45,1.25,10.2,10.2,2.25,3.3,3.3,2.3,3.3,3.1,2.3,3.3,3.2,2.36,3.35,3.35,2.35,3.2,3.1,2.25,3.25,3.1,2.36,3.37,3.32
SP1,2021-12-12,Real Madrid,Atletico Madrid,84,84,84,84,85,84,84,83,36,43,25,25,770.75,661.8,2,0,H,1,0,H,7,9,3,6,17,15,3,6,2,3,0,0,0.59,0.77,0.56,0.61,1.14,1.46,9.86,11.16,2.05,3.5,3.6,2.05,3.6,3.3,2.15,3.45,3.45,2.11,3.57,3.73,2.1,3.4,3.4,2.05,3.4,3.4,1.9,3.59,4.57
SP1,2021-12-13,Cadiz,Granada,74,77,75,77,75,77,73,77,37,39,27,26,67.8,103.75,1,1,D,1,0,H,13,16,3,5,14,10,8,1,5,0,1,0,0.62,1.12,0.38,0.94,0.91,1.78,13.55,9.0,2.6,3.1,2.9,2.45,3.2,2.95,2.6,3.1,2.95,2.68,3.13,3.04,2.55,3.0,3.0,2.5,3.1,2.88,2.68,3.07,3.1
SP1,2021-12-17,Celta Vigo,Espanyol,76,77,80,78,76,77,75,76,34,38,25,25,120.0,131.6,3,1,H,1,0,H,12,6,5,3,13,5,3,3,2,1,0,0,1.66,0.38,1.55,0.37,2.46,0.34,7.14,14.19,1.95,3.4,4.0,2.0,3.4,3.7,1.95,3.4,4.1,1.99,3.52,4.23,2.0,3.25,4.0,2.0,3.4,4.0,1.98,3.49,4.31
SP1,2021-12-18,Rayo Vallecano,Alaves,74,74,78,75,74,73,73,76,36,43,26,25,67.2,65.349999,2,0,H,2,0,H,20,6,5,4,12,19,5,5,1,2,0,0,1.87,0.2,1.73,0.18,2.66,0.2,4.45,8.86,1.72,3.6,5.0,1.78,3.6,4.5,1.8,3.6,4.7,1.82,3.5,5.3,1.8,3.4,4.75,1.8,3.5,4.8,1.75,3.66,5.61
SP1,2021-12-18,Real Sociedad,Villarreal,80,80,82,83,80,79,78,79,40,39,24,26,376.95,408.9,1,3,A,1,1,D,8,15,4,8,9,15,5,5,2,3,1,0,1.35,3.02,1.31,3.02,0.41,2.44,9.87,5.44,2.15,3.3,3.5,2.2,3.2,3.5,2.2,3.3,3.4,2.31,3.24,3.57,2.15,3.3,3.5,2.2,3.2,3.25,2.25,3.37,3.56
SP1,2021-12-18,Barcelona,Elche,82,75,80,76,83,75,80,73,47,37,25,27,735.6,72.98,3,2,H,2,0,H,19,5,8,3,13,17,5,0,1,3,0,0,2.96,1.27,1.9,1.05,2.46,0.39,4.42,17.92,1.3,5.5,10.0,1.34,5.25,8.75,1.33,5.25,9.5,1.36,5.25,10.02,1.35,5.0,8.5,1.33,4.8,8.5,1.32,5.82,13.31
SP1,2021-12-18,Sevilla,Atletico Madrid,82,84,81,84,81,84,82,83,43,43,25,25,385.0,661.8,2,1,H,1,1,D,6,15,2,3,15,14,4,7,2,1,0,0,0.37,1.24,0.38,1.08,0.57,2.14,10.29,9.0,2.75,3.0,2.8,2.75,2.95,2.75,2.75,3.0,2.8,2.89,3.0,2.92,2.7,2.9,2.88,2.63,3.0,2.75,2.97,3.02,2.83
SP1,2021-12-19,Granada,Mallorca,77,74,77,75,77,74,77,73,39,41,26,25,103.75,74.15,4,1,H,1,1,D,15,8,6,5,12,15,4,2,3,2,0,0,2.72,1.09,1.24,1.05,2.52,0.34,7.44,7.81,2.5,3.0,3.1,2.45,3.1,3.0,2.5,3.1,3.05,2.57,3.04,3.3,2.45,3.0,3.1,2.45,3.1,2.9,2.45,3.2,3.32
SP1,2021-12-19,Athletic Club,Real Betis,79,79,80,79,79,79,78,78,31,38,25,27,226.05,259.0,3,2,H,1,1,D,9,16,6,8,7,12,5,6,1,3,0,0,1.19,2.02,1.05,1.07,0.68,2.06,10.33,10.5,2.15,3.25,3.5,2.2,3.2,3.5,2.25,3.3,3.3,2.29,3.29,3.54,2.15,3.3,3.4,2.2,3.2,3.25,2.21,3.62,3.37
SP1,2021-12-19,Getafe,Osasuna,76,76,75,78,77,77,75,75,43,32,25,26,208.68,108.45,1,0,H,0,0,D,18,11,4,2,14,8,4,3,3,1,0,0,1.09,0.71,0.9,0.4,1.64,1.03,9.32,12.13,2.4,2.9,3.4,2.4,2.95,3.25,2.5,2.85,3.35,2.53,2.95,3.48,2.45,2.9,3.25,2.4,2.8,3.3,2.32,2.95,3.96
SP1,2021-12-19,Real Madrid,Cadiz,84,74,84,75,85,75,84,73,36,37,25,27,770.75,67.8,0,0,D,0,0,D,36,4,9,0,9,10,13,2,1,1,0,0,2.8,0.24,2.44,0.23,2.82,0.11,3.6,18.8,1.2,7.5,11.0,1.25,6.25,11.5,1.25,6.25,11.0,1.24,6.82,12.54,1.24,6.0,11.0,1.22,6.0,11.0,1.13,9.5,24.0
SP1,2021-12-20,Levante,Valencia,76,78,79,77,76,77,74,79,42,44,26,23,77.9,310.6,3,4,A,2,1,H,15,15,9,8,21,11,6,4,3,4,0,0,2.74,2.11,1.28,1.36,1.84,0.92,4.87,9.71,2.7,3.2,2.75,2.6,3.2,2.75,2.65,3.25,2.75,2.79,3.38,2.72,2.7,3.1,2.7,2.63,3.2,2.63,3.13,3.42,2.44
SP1,2021-12-21,Villarreal,Alaves,80,74,83,75,79,73,79,76,39,43,26,25,408.9,65.349999,5,2,H,2,1,H,24,4,10,2,16,14,6,2,0,2,0,0,3.88,0.31,3.74,0.1,2.97,0.02,8.17,16.15,1.33,5.0,9.5,1.39,4.75,8.25,1.37,5.0,8.25,1.37,5.34,9.3,1.38,4.75,8.0,1.36,5.0,8.5,1.41,5.2,9.18
SP1,2021-12-21,Sevilla,Barcelona,82,82,81,80,81,83,82,80,43,47,25,25,385.0,735.6,1,1,D,1,1,D,5,23,1,7,15,13,4,9,2,3,1,0,0.3,1.91,0.25,1.85,0.23,2.63,12.57,8.38,2.5,3.2,2.9,2.45,3.2,2.9,2.55,3.1,2.95,2.61,3.29,2.98,2.45,3.25,2.87,2.55,3.13,3.0,2.46,3.24,3.27
SP1,2021-12-22,Granada,Atletico Madrid,77,84,77,84,78,84,77,83,39,43,26,25,103.75,661.8,2,1,H,1,1,D,6,15,4,3,17,7,2,7,4,1,0,0,0.91,1.78,0.91,1.16,0.68,2.05,9.69,7.76,6.0,3.7,1.61,6.25,3.7,1.6,6.75,3.6,1.6,6.81,3.82,1.62,6.0,3.7,1.6,5.75,3.75,1.57,6.72,4.24,1.61
SP1,2021-12-22,Athletic Club,Real Madrid,79,84,80,84,79,85,78,84,31,36,25,25,226.05,770.75,1,2,A,1,2,A,15,12,2,7,17,7,7,0,2,2,0,0,1.09,1.59,0.93,1.05,0.96,1.77,9.73,14.42,3.4,3.5,2.1,3.3,3.4,2.15,3.25,3.45,2.2,3.49,3.59,2.19,3.4,3.3,2.15,3.25,3.4,2.1,3.43,3.61,2.19
SP1,2021-12-31,Valencia,Espanyol,78,77,77,78,77,77,79,76,44,38,23,25,310.6,131.6,1,2,A,0,0,D,12,15,2,4,19,14,7,5,7,3,1,0,0.86,2.15,0.71,1.33,0.47,2.34,14.29,6.7,1.8,3.8,4.2,1.78,3.7,4.4,1.83,3.75,4.2,1.81,3.83,4.71,1.8,3.5,4.5,1.8,3.9,4.33,1.83,3.69,4.55
SP1,2022-01-02,Getafe,Real Madrid,76,84,75,84,77,85,75,84,43,36,25,25,208.68,770.75,1,0,H,1,0,H,6,14,3,4,20,8,2,9,3,2,0,0,0.9,0.91,0.21,0.81,1.34,1.32,17.0,7.06,5.5,3.75,1.65,5.5,3.6,1.66,5.25,3.8,1.67,5.88,3.71,1.68,5.25,3.6,1.7,5.0,3.7,1.65,6.78,4.22,1.57
SP1,2022-01-02,Atletico Madrid,Rayo Vallecano,84,74,84,78,84,74,83,73,43,36,25,26,661.8,67.2,2,0,H,1,0,H,15,5,5,0,14,12,8,2,3,0,0,0,1.98,0.1,1.59,0.08,2.77,0.13,9.23,8.18,1.36,4.5,9.5,1.36,4.75,9.5,1.37,4.7,9.5,1.38,4.72,9.96,1.33,4.5,11.0,1.33,4.6,9.5,1.48,4.2,8.83
SP1,2022-01-02,Elche,Granada,75,77,75,77,75,78,72,77,37,39,27,26,72.98,103.75,0,0,D,0,0,D,18,10,2,5,18,15,6,3,3,3,1,0,1.45,0.97,1.16,0.97,1.73,1.0,11.14,8.1,2.5,3.1,3.0,2.37,3.1,3.1,2.5,3.1,3.05,2.58,3.09,3.12,2.5,3.1,3.0,2.45,3.1,2.9,2.61,3.21,3.06
SP1,2022-01-02,Alaves,Real Sociedad,74,80,75,82,73,80,76,78,43,40,25,24,65.349999,376.95,1,1,D,0,1,A,19,10,5,4,22,10,2,3,3,3,0,0,1.54,1.38,0.5,0.95,1.47,1.24,7.87,7.77,3.5,3.1,2.25,3.3,3.1,2.3,3.4,3.15,2.3,3.58,3.15,2.29,3.4,3.0,2.3,3.3,3.13,2.2,5.02,3.42,1.88
SP1,2022-01-02,Real Betis,Celta Vigo,79,76,79,80,79,76,78,75,38,34,27,25,259.0,120.0,0,2,A,0,2,A,18,7,7,5,15,11,3,3,1,2,0,0,0.89,1.87,0.64,0.28,0.59,2.2,6.25,12.8,1.72,3.75,4.75,1.8,3.8,4.2,1.77,3.85,4.4,1.79,3.71,4.83,1.75,3.7,4.5,1.73,3.75,4.4,1.85,3.75,4.57
SP1,2022-01-02,Mallorca,Barcelona,74,82,75,80,74,83,74,80,41,47,25,25,74.15,735.6,0,1,A,0,1,A,13,13,3,4,22,24,4,3,5,2,0,0,0.99,1.62,0.75,1.56,0.85,1.88,10.62,5.03,3.4,3.4,2.15,3.7,3.25,2.1,3.65,3.3,2.1,3.7,3.33,2.16,3.6,3.25,2.1,3.4,3.3,2.1,3.79,3.17,2.26
SP1,2022-01-03,Villarreal,Levante,80,76,83,79,79,76,79,74,39,42,26,26,408.9,77.9,5,0,H,3,0,H,17,7,7,3,12,9,6,5,3,2,0,0,4.19,0.42,4.14,0.2,2.96,0.02,14.33,10.89,1.4,5.0,7.0,1.44,4.6,6.75,1.43,4.8,7.0,1.44,5.02,6.97,1.42,4.5,7.5,1.4,4.75,7.0,1.39,5.43,8.29
SP1,2022-01-03,Osasuna,Athletic Club,76,79,78,80,77,79,75,78,32,31,26,25,108.45,226.05,1,3,A,1,2,A,15,17,4,5,12,7,4,5,5,2,1,0,0.52,2.49,0.3,2.06,0.23,2.66,8.72,16.31,3.1,3.0,2.5,3.0,2.85,2.65,3.05,3.0,2.55,3.24,2.96,2.59,3.1,3.0,2.5,3.0,3.0,2.45,3.48,2.99,2.5
SP1,2022-01-03,Cadiz,Sevilla,74,82,75,81,75,81,73,82,37,43,27,25,67.8,385.0,0,1,A,0,0,D,9,14,2,4,5,9,2,8,0,1,0,0,0.24,1.28,0.2,1.0,0.46,2.27,30.2,8.29,4.75,3.3,1.85,5.0,3.3,1.8,4.8,3.4,1.83,5.06,3.32,1.86,4.8,3.4,1.8,4.6,3.3,1.8,6.58,3.62,1.68
SP1,2022-01-08,Levante,Mallorca,76,74,79,75,76,74,74,74,42,41,26,25,77.9,74.15,2,0,H,0,0,D,16,15,8,8,20,11,5,5,3,1,1,0,1.32,1.17,1.27,0.42,1.44,1.25,7.79,14.23,2.2,3.25,3.4,2.1,3.4,3.5,2.2,3.35,3.35,2.22,3.3,3.58,2.2,3.25,3.4,2.2,3.3,3.4,2.17,3.3,3.87
SP1,2022-01-08,Real Sociedad,Celta Vigo,80,76,82,80,80,76,78,75,40,34,24,25,376.95,120.0,1,0,H,1,0,H,12,4,3,0,10,18,6,4,3,3,0,0,2.32,0.31,1.99,0.3,2.77,0.14,13.83,4.53,1.83,3.3,4.75,1.87,3.4,4.33,1.85,3.5,4.4,1.88,3.43,4.68,1.9,3.3,4.33,1.83,3.4,4.33,1.88,3.51,4.79
SP1,2022-01-08,Granada,Barcelona,77,82,77,80,78,83,77,80,39,47,26,25,103.75,735.6,1,1,D,0,0,D,14,13,4,1,9,21,3,2,2,5,0,1,0.75,0.97,0.54,0.87,1.11,1.56,13.91,5.65,4.5,3.8,1.75,4.75,3.7,1.73,4.7,3.8,1.73,4.64,3.77,1.8,4.4,3.75,1.78,4.4,3.7,1.73,4.67,3.97,1.79
SP1,2022-01-08,Real Madrid,Valencia,84,78,84,77,85,77,84,79,36,44,25,23,770.75,310.6,4,1,H,1,0,H,23,12,8,7,15,24,3,8,3,3,0,0,4.11,1.12,2.05,0.19,2.91,0.05,8.24,13.29,1.37,5.0,8.0,1.35,5.0,8.5,1.37,5.25,7.75,1.35,5.35,9.07,1.33,5.0,9.0,1.33,5.0,8.0,1.36,5.46,9.33
SP1,2022-01-09,Rayo Vallecano,Real Betis,74,79,78,79,74,79,73,78,36,38,26,27,67.2,259.0,1,1,D,0,1,A,17,9,7,5,18,13,6,4,1,3,0,1,1.48,1.27,1.61,0.78,1.52,1.16,3.26,10.58,2.5,3.4,2.8,2.5,3.5,2.65,2.5,3.4,2.8,2.57,3.51,2.79,2.5,3.4,2.7,2.45,3.3,2.75,2.96,3.43,2.55
SP1,2022-01-09,Sevilla,Getafe,82,76,81,75,81,77,82,75,43,43,25,25,385.0,208.68,1,0,H,1,0,H,10,4,1,2,8,20,5,2,1,3,0,0,0.59,0.11,0.39,0.11,1.77,0.71,7.75,16.39,1.61,3.4,7.5,1.57,3.6,7.25,1.6,3.65,6.75,1.57,3.72,7.56,1.6,3.5,7.0,1.55,3.6,6.5,1.55,3.77,8.68
SP1,2022-01-09,Alaves,Athletic Club,74,79,75,80,73,79,76,78,43,31,25,25,65.349999,226.05,0,0,D,0,0,D,12,10,1,2,15,11,7,5,2,0,0,0,0.59,0.46,0.49,0.33,1.4,1.14,8.76,4.19,4.0,3.3,1.95,3.8,3.2,2.05,3.8,3.3,2.05,3.96,3.42,2.04,3.9,3.3,2.0,3.9,3.25,1.95,4.14,3.3,2.09
SP1,2022-01-09,Osasuna,Cadiz,76,74,78,75,77,75,75,73,32,37,26,27,108.45,67.8,2,0,H,1,0,H,15,6,5,1,13,13,5,7,2,2,0,0,3.13,0.21,2.37,0.13,2.95,0.03,6.73,13.06,1.75,3.3,5.75,1.72,3.3,5.75,1.77,3.45,5.0,1.75,3.3,6.13,1.75,3.3,5.5,1.73,3.4,5.0,1.63,3.71,7.07
SP1,2022-01-09,Villarreal,Atletico Madrid,80,84,83,84,79,84,79,83,39,43,26,25,408.9,661.8,2,2,D,1,1,D,13,7,3,5,13,8,7,3,0,2,0,1,2.56,0.88,0.81,0.82,2.54,0.32,6.83,17.47,2.8,3.2,2.62,2.75,3.2,2.6,2.8,3.25,2.6,2.87,3.2,2.69,2.75,3.2,2.6,2.7,3.2,2.55,2.62,3.27,2.99
SP1,2022-01-10,Espanyol,Elche,77,75,78,75,77,75,76,72,38,37,25,27,131.6,72.98,1,2,A,1,2,A,8,3,3,2,13,18,13,0,4,6,0,0,1.3,0.66,0.22,0.6,1.94,0.74,8.5,12.9,1.9,3.25,4.5,1.85,3.4,4.5,1.9,3.45,4.3,1.88,3.31,4.97,1.88,3.3,4.5,1.83,3.3,4.33,1.79,3.64,5.15
SP1,2022-01-16,Elche,Villarreal,75,80,75,83,75,79,72,79,37,39,27,26,72.98,408.9,1,0,H,0,0,D,5,9,2,4,12,15,3,8,4,3,0,0,0.2,0.76,0.15,0.72,0.66,1.93,10.55,8.48,4.5,3.6,1.8,4.5,3.7,1.77,4.5,3.8,1.77,4.95,3.79,1.75,4.75,3.5,1.78,4.4,3.7,1.73,5.85,4.18,1.63
SP1,2022-01-18,Real Betis,Alaves,79,75,79,75,79,73,78,76,38,43,27,25,259.0,65.349999,4,0,H,3,0,H,18,9,5,2,14,14,8,3,2,0,0,0,2.1,0.26,1.45,0.13,2.66,0.21,6.52,14.6,1.45,4.33,7.0,1.49,4.4,6.5,1.5,4.4,6.5,1.48,4.47,7.18,1.5,4.0,7.0,1.5,4.4,7.0,1.56,4.16,6.84
SP1,2022-01-18,Cadiz,Espanyol,74,77,75,78,74,77,73,76,37,38,27,25,67.8,131.6,2,2,D,0,1,A,10,14,4,7,14,9,3,2,5,1,0,0,0.8,1.92,0.53,1.87,0.58,2.21,16.73,9.91,3.25,3.1,2.37,3.25,3.1,2.35,3.2,3.1,2.4,3.27,3.13,2.45,3.3,2.9,2.4,3.25,3.1,2.4,3.07,3.13,2.65
SP1,2022-01-19,Celta Vigo,Osasuna,76,76,80,78,76,76,75,75,34,32,25,26,120.0,108.45,2,0,H,2,0,H,5,9,3,0,14,11,0,5,1,2,0,0,1.52,0.47,0.96,0.28,2.42,0.37,12.35,7.68,1.85,3.5,4.33,1.85,3.5,4.33,1.9,3.45,4.3,1.88,3.42,4.75,1.88,3.3,4.4,1.85,3.4,4.2,1.82,3.58,5.12
SP1,2022-01-19,Valencia,Sevilla,77,82,78,81,77,81,78,82,44,43,23,25,310.6,385.0,1,1,D,1,1,D,10,12,2,3,22,14,4,4,3,3,1,0,0.57,1.18,0.54,0.65,0.79,1.9,9.72,6.92,3.3,3.25,2.25,3.2,3.1,2.35,3.2,3.15,2.35,3.23,3.17,2.45,3.3,3.1,2.3,3.1,3.13,2.3,3.22,3.05,2.61
SP1,2022-01-20,Getafe,Granada,76,78,75,77,77,78,75,77,43,39,25,26,208.68,103.75,4,2,H,1,1,D,12,7,4,4,15,10,4,8,3,4,0,0,1.18,0.86,0.64,0.78,1.63,1.04,6.9,14.0,2.1,3.2,3.8,2.05,3.1,3.9,2.15,3.1,3.8,2.13,3.15,4.04,2.15,2.9,4.0,2.1,3.0,3.7,2.06,3.12,4.63
SP1,2022-01-21,Espanyol,Real Betis,77,79,78,79,77,79,76,78,38,38,25,27,131.6,259.0,1,4,A,1,2,A,12,15,4,8,15,12,6,5,3,4,1,0,1.57,2.86,1.49,2.1,0.59,2.24,19.0,9.33,3.25,3.25,2.25,3.2,3.3,2.25,3.1,3.35,2.35,3.21,3.38,2.35,3.25,3.2,2.3,3.13,3.4,2.3,3.05,3.47,2.46
SP1,2022-01-22,Levante,Cadiz,76,74,79,75,76,74,74,73,42,37,26,27,77.9,67.8,0,2,A,0,1,A,15,8,8,2,15,16,8,2,4,6,0,0,1.08,0.91,0.77,0.75,1.46,1.2,7.37,15.94,1.8,3.5,5.0,1.75,3.6,4.75,1.77,3.65,4.6,1.76,3.77,4.93,1.78,3.5,4.75,1.75,3.5,4.6,1.75,3.78,5.36
SP1,2022-01-22,Villarreal,Mallorca,80,74,83,75,79,74,79,74,39,41,26,25,408.9,74.15,3,0,H,2,0,H,12,8,6,2,13,12,10,6,1,2,0,1,2.2,1.6,1.27,1.47,1.84,0.89,7.33,8.27,1.44,4.33,8.0,1.41,4.75,7.5,1.4,4.7,7.75,1.41,4.84,8.29,1.4,4.4,8.5,1.36,4.6,8.0,1.56,4.06,7.13
SP1,2022-01-22,Sevilla,Celta Vigo,82,76,81,80,81,76,82,75,43,34,25,25,385.0,120.0,2,2,D,0,2,A,16,6,5,4,11,16,7,0,1,4,0,0,0.89,0.47,0.35,0.35,1.71,0.92,7.0,15.59,1.75,3.5,5.25,1.7,3.7,5.25,1.77,3.6,4.8,1.79,3.58,5.05,1.75,3.5,5.0,1.73,3.5,4.75,2.0,3.22,4.69
SP1,2022-01-22,Atletico Madrid,Valencia,84,77,84,78,83,77,83,78,43,44,25,23,661.8,310.6,3,2,H,0,2,A,16,7,6,3,13,22,5,4,5,6,0,0,2.26,0.73,1.72,0.7,2.51,0.33,4.5,9.88,1.44,4.2,8.5,1.47,4.0,8.0,1.5,4.1,7.25,1.47,4.28,8.02,1.44,4.2,8.0,1.45,4.1,7.0,1.42,4.63,9.59
SP1,2022-01-23,Granada,Osasuna,78,76,77,78,78,76,77,75,39,32,26,26,103.75,108.45,0,2,A,0,0,D,6,16,2,7,12,15,4,3,0,2,0,0,0.58,2.17,0.54,2.09,0.31,2.55,4.33,7.0,2.5,3.2,3.0,2.5,3.1,2.9,2.55,3.15,2.9,2.62,3.0,3.14,2.55,3.0,3.0,2.45,3.1,2.88,2.65,3.12,3.09
SP1,2022-01-23,Real Madrid,Elche,84,75,84,75,86,75,83,72,36,37,25,27,770.75,72.98,2,2,D,0,1,A,23,3,8,2,11,14,10,3,3,1,0,0,3.83,0.73,2.26,0.73,2.91,0.05,10.26,19.82,1.16,8.0,15.0,1.16,7.5,19.0,1.17,7.5,15.0,1.15,8.12,21.4,1.15,7.0,19.0,1.14,7.5,15.0,1.17,8.25,18.0
SP1,2022-01-23,Real Sociedad,Getafe,80,76,82,75,81,76,78,75,40,43,24,25,376.95,208.68,0,0,D,0,0,D,9,9,3,2,17,13,7,2,1,1,0,0,1.21,0.35,0.51,0.29,2.19,0.54,5.43,12.71,1.66,3.5,6.0,1.63,3.5,6.5,1.67,3.55,5.75,1.66,3.42,7.07,1.63,3.4,6.5,1.62,3.5,5.75,1.79,3.4,6.44
SP1,2022-01-23,Rayo Vallecano,Athletic Club,74,79,78,80,74,79,73,78,36,31,26,25,67.2,226.05,0,1,A,0,1,A,29,9,3,3,8,20,9,7,1,6,0,0,1.45,0.41,1.07,0.33,2.17,0.56,6.67,7.33,2.75,3.0,2.8,2.9,2.8,2.8,2.8,2.95,2.8,2.96,2.8,2.96,2.8,2.8,2.87,2.7,3.0,2.7,2.8,2.96,3.06
SP1,2022-01-23,Alaves,Barcelona,75,82,75,82,73,81,76,80,43,47,25,25,65.349999,735.6,0,1,A,0,0,D,6,10,2,4,16,8,1,10,0,0,0,0,0.73,1.15,0.73,1.13,0.93,1.74,19.73,6.36,6.0,4.0,1.57,5.5,4.0,1.6,6.25,4.2,1.55,5.85,4.46,1.56,6.0,4.0,1.55,5.75,4.0,1.53,5.58,3.95,1.69
SP1,2022-02-04,Getafe,Levante,76,76,75,79,76,77,75,74,43,42,25,26,208.68,77.9,3,0,H,2,0,H,14,11,8,2,12,13,2,8,4,3,0,0,1.17,0.56,0.96,0.54,1.92,0.78,14.09,9.3,1.95,3.1,4.5,1.93,3.1,4.6,2.05,3.15,4.2,2.08,3.11,4.52,2.05,3.0,4.2,2.0,3.25,4.2,2.13,3.11,4.27
SP1,2022-02-05,Elche,Alaves,74,75,74,76,74,74,73,76,37,43,27,25,72.98,65.349999,3,1,H,0,1,A,14,6,4,2,15,11,7,3,1,1,0,0,1.77,1.12,1.31,1.09,1.85,0.89,7.07,8.21,2.37,3.1,3.3,2.45,3.0,3.1,2.45,3.15,3.1,2.49,2.98,3.39,2.4,3.0,3.2,2.4,3.1,3.25,2.46,3.0,3.54
SP1,2022-02-05,Mallorca,Cadiz,74,75,75,76,74,74,74,73,41,37,25,27,74.15,67.8,2,1,H,1,1,D,17,12,5,5,14,15,6,4,2,4,0,0,2.23,0.89,0.69,0.89,2.42,0.41,13.53,8.29,1.83,3.4,4.6,1.8,3.4,4.75,1.8,3.45,4.8,1.81,3.4,5.28,1.85,3.2,4.75,1.8,3.3,4.6,1.93,3.3,4.9
SP1,2022-02-05,Celta Vigo,Rayo Vallecano,76,74,80,78,76,74,75,73,34,36,25,26,120.0,67.2,2,0,H,1,0,H,13,11,3,0,17,17,7,2,0,2,0,0,0.65,0.68,0.49,0.5,1.28,1.33,7.71,7.61,1.9,3.4,4.33,1.93,3.4,4.1,1.97,3.4,4.0,2.0,3.28,4.34,1.95,3.2,4.2,1.95,3.3,3.9,2.0,3.36,4.42
SP1,2022-02-05,Osasuna,Sevilla,76,82,78,82,76,81,75,82,32,43,26,25,108.45,385.0,0,0,D,0,0,D,9,9,3,4,13,7,1,1,1,1,0,0,0.4,1.35,0.27,0.59,0.43,2.34,15.27,4.68,3.6,3.2,2.15,3.5,3.2,2.15,3.4,3.15,2.25,3.66,3.04,2.32,3.5,3.1,2.2,3.4,3.1,2.2,3.78,3.05,2.32
SP1,2022-02-06,Valencia,Real Sociedad,77,80,78,82,77,81,78,78,44,40,23,24,310.6,376.95,0,0,D,0,0,D,14,8,3,2,17,14,9,9,4,2,0,0,1.19,0.54,1.08,0.43,1.95,0.74,7.62,5.69,2.87,3.2,2.6,3.0,3.2,2.45,2.8,3.25,2.55,2.93,3.27,2.59,2.8,3.2,2.55,2.75,3.2,2.5,3.77,3.3,2.2
SP1,2022-02-06,Barcelona,Atletico Madrid,82,83,83,84,84,84,80,82,47,43,25,25,735.6,661.8,4,2,H,3,1,H,9,10,4,4,15,13,3,5,2,2,1,0,0.93,1.61,0.74,1.64,0.78,1.95,10.71,13.05,2.25,3.4,3.2,2.25,3.5,3.1,2.35,3.35,3.1,2.36,3.35,3.22,2.3,3.3,3.1,2.25,3.25,3.1,2.43,3.19,3.33
SP1,2022-02-06,Real Betis,Villarreal,79,80,79,83,79,80,78,79,38,39,27,26,259.0,408.9,0,2,A,0,1,A,9,9,3,3,19,14,6,6,2,3,0,0,0.74,1.34,0.65,1.32,0.79,1.91,5.51,10.16,2.37,3.5,2.9,2.35,3.6,2.85,2.4,3.55,2.85,2.46,3.57,2.88,2.38,3.5,2.8,2.3,3.5,2.8,2.57,3.4,2.95
SP1,2022-02-06,Real Madrid,Granada,84,77,83,77,86,78,83,77,36,39,25,26,770.75,103.75,1,0,H,0,0,D,24,7,11,3,9,11,9,2,2,1,0,0,1.47,0.4,0.96,0.24,2.23,0.52,12.63,19.94,1.25,6.0,11.0,1.24,6.25,12.0,1.25,6.5,11.0,1.24,6.39,12.64,1.25,5.8,11.0,1.22,6.0,11.0,1.28,5.91,12.13
SP1,2022-02-07,Athletic Club,Espanyol,79,77,80,78,79,77,78,76,31,38,25,25,226.05,131.6,2,1,H,2,1,H,7,7,4,3,17,11,5,3,3,3,0,0,1.08,0.58,1.02,0.58,1.82,0.84,11.12,10.84,1.6,3.8,6.0,1.6,3.9,5.75,1.6,3.95,5.75,1.64,3.73,6.28,1.6,3.75,5.8,1.57,3.8,5.75,1.63,3.85,6.6
SP1,2022-02-11,Sevilla,Elche,82,74,82,74,81,74,82,73,43,37,25,27,385.0,72.98,2,0,H,0,0,D,14,7,6,1,13,14,5,4,1,5,0,0,0.77,0.29,0.35,0.25,1.78,0.8,7.83,18.8,1.45,4.33,7.5,1.46,4.2,7.75,1.45,4.3,8.0,1.46,4.41,8.95,1.44,4.0,8.5,1.45,4.0,9.0,1.41,4.54,10.41
SP1,2022-02-12,Cadiz,Celta Vigo,75,76,76,80,74,76,73,76,37,34,27,25,67.8,120.0,0,0,D,0,0,D,8,6,2,1,12,19,3,3,3,2,0,0,0.88,0.9,0.7,0.04,1.23,1.32,18.67,6.21,3.8,3.4,2.05,3.8,3.2,2.05,3.75,3.35,2.05,4.12,3.35,2.08,3.8,3.3,2.05,3.7,3.3,2.0,4.26,3.23,2.09
SP1,2022-02-12,Villarreal,Real Madrid,80,84,83,84,79,86,79,83,39,36,26,25,408.9,770.75,0,0,D,0,0,D,9,17,2,6,11,10,3,3,2,4,0,0,0.46,2.11,0.27,1.9,0.3,2.56,22.73,10.95,2.5,3.5,2.7,2.5,3.6,2.6,2.55,3.4,2.7,2.66,3.55,2.74,2.55,3.4,2.7,2.5,3.4,2.63,2.76,3.4,2.74
SP1,2022-02-12,Rayo Vallecano,Osasuna,74,76,78,78,74,76,73,75,36,32,26,26,67.2,108.45,0,3,A,0,2,A,10,12,3,5,11,16,4,5,2,1,0,0,0.59,2.12,0.33,1.91,0.35,2.5,7.67,7.68,2.15,3.25,3.5,2.15,3.1,3.7,2.2,3.2,3.5,2.22,3.22,3.81,2.2,3.1,3.6,2.15,3.13,3.5,2.15,3.12,4.17
SP1,2022-02-12,Atletico Madrid,Getafe,83,76,84,75,84,76,82,75,43,43,25,25,661.8,208.68,4,3,H,3,3,D,11,10,7,4,18,17,5,4,3,4,1,0,3.21,2.27,1.25,0.66,2.07,0.72,9.36,9.07,1.45,4.2,8.0,1.41,4.33,8.75,1.45,4.2,8.0,1.45,4.31,9.71,1.44,4.0,9.0,1.4,4.1,8.5,1.51,4.03,8.67
SP1,2022-02-13,Alaves,Valencia,75,77,78,78,73,77,76,78,43,44,25,23,65.349999,310.6,2,1,H,1,0,H,9,9,5,4,15,17,5,9,4,3,0,0,2.03,1.18,0.64,0.31,2.09,0.66,8.5,4.8,2.8,3.2,2.6,2.95,3.3,2.4,2.85,3.25,2.55,2.92,3.33,2.64,2.88,3.1,2.55,2.75,3.2,2.5,2.64,3.1,3.13
SP1,2022-02-13,Levante,Real Betis,76,79,79,79,77,79,74,78,42,38,26,27,77.9,259.0,2,4,A,1,3,A,12,19,4,11,13,8,5,7,1,2,1,0,1.67,2.1,0.51,1.52,1.03,1.69,11.35,8.96,3.4,3.6,2.1,3.3,3.8,2.0,3.4,3.65,2.1,3.39,3.87,2.13,3.4,3.6,2.05,3.25,3.6,2.05,3.39,3.54,2.25
SP1,2022-02-13,Real Sociedad,Granada,80,77,82,77,81,78,78,77,40,39,24,26,376.95,103.75,2,0,H,1,0,H,18,15,8,2,13,13,6,5,0,2,0,0,3.44,0.77,2.47,0.73,2.82,0.12,8.36,12.5,1.4,4.5,9.0,1.41,4.5,8.0,1.4,4.7,8.0,1.41,4.88,8.84,1.4,4.4,8.5,1.4,4.4,8.0,1.36,5.03,11.18
SP1,2022-02-13,Espanyol,Barcelona,77,82,82,82,77,84,76,80,38,47,25,25,131.6,735.6,2,2,D,1,1,D,10,12,4,4,14,13,3,5,5,4,1,1,0.62,1.62,0.62,1.53,0.55,2.21,21.62,7.09,5.0,3.6,1.75,4.5,4.0,1.71,4.5,3.9,1.75,4.86,3.97,1.76,5.0,4.0,1.63,4.4,3.9,1.7,5.53,4.22,1.65
SP1,2022-02-14,Mallorca,Athletic Club,74,79,75,80,74,79,74,78,41,31,25,25,74.15,226.05,3,2,H,2,0,H,16,7,5,2,22,15,6,6,6,4,0,0,1.82,1.54,0.93,1.53,1.55,1.17,8.16,7.21,3.4,3.1,2.3,3.4,3.0,2.35,3.3,3.1,2.35,3.46,3.21,2.38,3.3,3.1,2.3,3.25,3.1,2.25,3.11,2.95,2.74
SP1,2022-02-16,Atletico Madrid,Levante,83,76,84,79,84,77,82,74,43,42,25,26,661.8,77.9,0,1,A,0,0,D,10,8,1,5,9,19,5,3,3,4,0,0,1.11,0.81,0.93,0.45,1.62,1.04,11.39,7.63,1.33,5.25,9.0,1.31,5.0,11.0,1.33,5.25,9.5,1.32,5.48,11.51,1.32,5.0,10.0,1.3,5.0,9.5,1.27,6.11,13.69
SP1,2022-02-18,Elche,Rayo Vallecano,74,74,74,78,74,74,73,73,37,36,27,26,72.98,67.2,2,1,H,0,0,D,9,13,5,2,18,15,2,3,2,4,0,0,2.96,0.83,2.15,0.61,2.74,0.18,9.55,8.7,3.0,3.0,2.62,3.0,2.87,2.65,3.0,2.9,2.7,3.15,2.94,2.74,3.1,2.75,2.62,3.1,2.9,2.63,3.1,3.0,2.74
SP1,2022-02-19,Granada,Villarreal,77,80,77,79,78,81,77,79,39,39,26,26,103.75,408.9,1,4,A,0,2,A,20,15,5,7,15,10,9,2,3,6,0,0,2.13,5.34,0.42,2.65,0.11,2.85,11.72,10.67,4.0,3.4,1.95,4.33,3.3,1.9,3.95,3.4,1.97,4.32,3.57,1.95,4.0,3.3,1.95,4.1,3.4,1.95,4.45,3.62,1.92
SP1,2022-02-19,Osasuna,Atletico Madrid,76,83,78,85,76,83,75,82,32,43,26,25,108.45,661.8,0,3,A,0,1,A,14,5,4,4,12,19,4,2,1,2,0,0,0.69,0.93,0.57,0.41,1.05,1.6,8.36,14.5,3.9,3.25,2.05,3.5,3.3,2.1,3.65,3.2,2.15,3.97,3.36,2.11,3.75,3.25,2.05,3.6,3.25,2.05,3.79,3.14,2.27
SP1,2022-02-19,Cadiz,Getafe,75,76,76,75,74,76,73,75,37,43,27,25,67.8,208.68,1,1,D,1,1,D,9,6,2,1,17,11,7,2,3,4,0,0,0.65,0.89,0.49,0.14,0.99,1.64,8.71,23.0,3.2,2.9,2.55,3.1,2.95,2.5,3.15,2.9,2.6,3.32,2.95,2.62,3.2,2.9,2.5,3.1,2.9,2.5,3.14,2.82,2.87
SP1,2022-02-19,Real Madrid,Alaves,84,75,84,78,86,73,83,76,36,43,25,25,770.75,65.349999,3,0,H,0,0,D,22,7,9,2,6,11,7,1,1,1,0,0,3.02,0.64,1.99,0.17,2.79,0.13,6.33,17.58,1.22,6.5,12.0,1.21,6.5,14.5,1.22,6.5,14.0,1.21,6.85,16.62,1.22,6.0,13.0,1.2,6.0,13.0,1.19,7.36,17.74
SP1,2022-02-20,Espanyol,Sevilla,77,82,82,82,77,81,76,82,38,43,25,25,131.6,385.0,1,1,D,0,1,A,11,7,4,2,14,14,3,7,4,5,0,1,1.6,0.96,1.21,0.95,1.9,0.82,12.54,7.88,3.4,3.3,2.2,3.7,3.25,2.1,3.35,3.25,2.25,3.67,3.27,2.25,3.4,3.1,2.25,3.3,3.2,2.2,3.8,3.21,2.23
SP1,2022-02-20,Valencia,Barcelona,77,82,78,82,77,84,78,80,44,47,23,25,310.6,735.6,1,4,A,0,3,A,11,6,5,6,22,16,8,3,3,4,0,0,0.77,2.47,0.62,1.97,0.24,2.64,7.59,4.88,3.6,3.5,2.05,3.6,3.6,1.98,3.65,3.65,1.97,3.76,3.86,2.01,3.6,3.6,2.0,3.5,3.6,1.95,3.54,3.8,2.08
SP1,2022-02-20,Real Betis,Mallorca,79,75,80,75,79,74,78,74,38,41,27,25,259.0,74.15,2,1,H,1,0,H,14,10,5,1,13,17,4,7,3,2,0,0,1.47,0.34,0.73,0.3,2.42,0.37,7.97,8.24,1.6,4.0,5.75,1.57,3.9,6.0,1.6,4.2,5.5,1.56,4.17,6.81,1.57,4.0,5.8,1.55,4.0,5.5,1.57,4.44,6.64
SP1,2022-02-20,Athletic Club,Real Sociedad,79,80,80,82,79,81,78,78,31,40,25,24,226.05,376.95,4,0,H,0,0,D,18,9,8,2,9,9,6,4,4,1,0,0,3.09,0.53,2.23,0.28,2.86,0.09,11.57,9.22,2.37,3.0,3.4,2.37,2.9,3.4,2.5,3.0,3.2,2.52,2.89,3.59,2.45,2.88,3.25,2.38,3.1,3.0,2.24,3.08,3.49
SP1,2022-02-21,Celta Vigo,Levante,76,76,80,79,76,77,76,74,34,42,25,26,120.0,77.9,1,1,D,0,0,D,8,13,4,3,15,16,2,5,3,5,0,0,1.4,1.55,0.71,0.86,1.23,1.48,6.0,13.0,1.6,3.8,6.0,1.63,4.1,5.0,1.63,4.0,5.25,1.63,4.35,5.47,1.65,3.8,5.25,1.6,3.9,5.25,1.66,3.94,5.95
SP1,2022-02-25,Levante,Elche,76,74,79,74,77,74,74,73,42,37,26,27,77.9,72.98,3,0,H,1,0,H,11,8,4,3,17,8,3,3,1,2,0,1,2.13,1.04,2.05,1.05,2.26,0.52,14.21,15.57,2.05,3.4,3.75,2.05,3.25,3.8,2.05,3.25,3.85,2.11,3.28,4.1,2.1,3.2,3.7,2.05,3.4,3.7,2.07,3.4,4.11
SP1,2022-02-26,Mallorca,Valencia,75,77,75,78,74,77,74,78,41,44,25,23,74.15,310.6,0,1,A,0,1,A,23,8,3,4,14,21,14,1,4,6,0,1,1.39,0.72,0.93,0.61,1.87,0.85,3.36,10.39,2.4,3.1,3.1,2.45,3.2,2.9,2.5,3.15,3.0,2.48,3.17,3.29,2.45,3.0,3.1,2.45,3.13,3.13,2.32,3.25,3.53
SP1,2022-02-26,Getafe,Alaves,76,75,75,78,76,74,75,76,43,43,25,25,208.68,65.349999,2,2,D,0,1,A,12,7,3,3,7,24,6,1,2,4,1,0,1.24,1.34,1.04,1.28,1.25,1.44,11.8,4.82,1.95,3.0,4.75,1.98,3.1,4.33,1.95,3.1,4.7,1.95,3.14,5.2,1.95,3.0,4.8,1.9,3.1,4.5,1.99,3.04,5.24
SP1,2022-02-26,Rayo Vallecano,Real Madrid,74,84,78,84,74,86,73,83,36,36,26,25,67.2,770.75,0,1,A,0,0,D,19,13,5,6,20,5,5,9,5,3,0,0,1.2,1.93,0.9,1.85,0.84,1.92,12.0,11.37,5.0,3.8,1.66,5.25,3.9,1.63,4.9,4.0,1.67,5.33,4.21,1.67,4.8,3.9,1.67,5.0,3.9,1.62,6.52,4.27,1.57
SP1,2022-02-26,Atletico Madrid,Celta Vigo,83,76,85,80,83,76,82,76,43,34,25,25,661.8,120.0,2,0,H,1,0,H,13,16,6,2,10,7,5,9,4,3,0,0,0.77,0.72,0.69,0.56,1.37,1.26,13.82,10.3,1.61,3.8,6.0,1.6,3.8,5.75,1.6,3.9,5.75,1.65,3.85,6.34,1.63,3.75,5.5,1.6,3.8,5.5,1.74,3.52,6.08
SP1,2022-02-27,Villarreal,Espanyol,80,77,79,82,81,77,79,76,39,38,26,25,408.9,131.6,5,1,H,3,0,H,19,7,11,2,11,12,10,3,2,1,0,0,4.81,0.64,3.86,0.54,2.98,0.01,8.14,13.0,1.5,4.2,7.0,1.47,4.5,6.5,1.5,4.4,6.5,1.5,4.4,7.65,1.5,4.2,6.5,1.45,4.2,6.5,1.56,4.29,6.68
SP1,2022-02-27,Sevilla,Real Betis,82,79,82,80,81,79,82,78,43,38,25,27,385.0,259.0,2,1,H,2,0,H,12,10,3,2,13,16,4,4,6,3,0,0,1.73,0.75,0.93,0.64,2.22,0.55,7.44,9.05,2.2,3.25,3.5,2.1,3.2,3.8,2.2,3.3,3.4,2.29,3.22,3.63,2.2,3.1,3.6,2.15,3.25,3.3,2.3,3.25,3.58
SP1,2022-02-27,Real Sociedad,Osasuna,80,76,82,77,81,76,78,75,40,32,24,26,376.95,108.45,1,0,H,0,0,D,11,11,5,1,10,9,6,5,0,4,0,0,1.52,0.41,0.94,0.32,2.36,0.43,9.38,12.25,1.85,3.4,4.75,1.88,3.2,4.6,1.85,3.45,4.4,1.91,3.27,5.14,1.85,3.3,4.6,1.83,3.3,4.33,2.31,3.05,3.81
SP1,2022-02-27,Barcelona,Athletic Club,82,79,82,80,84,79,80,78,47,31,25,25,735.6,226.05,4,0,H,1,0,H,17,6,7,3,8,10,5,0,2,1,0,0,3.24,0.33,2.43,0.3,2.91,0.06,6.27,18.55,1.6,4.2,5.25,1.57,3.9,6.0,1.6,4.1,5.5,1.57,4.31,6.36,1.57,3.9,6.0,1.57,3.9,5.5,1.53,4.29,7.2
SP1,2022-02-28,Granada,Cadiz,77,75,77,76,78,74,77,73,39,37,26,27,103.75,67.8,0,0,D,0,0,D,6,12,1,4,12,17,0,4,3,3,1,0,0.24,0.9,0.2,0.8,0.65,1.98,21.79,6.88,2.0,3.3,4.0,2.0,3.25,4.0,2.0,3.35,3.95,2.02,3.4,4.27,2.0,3.25,3.9,1.95,3.3,3.8,2.21,3.15,3.96
SP1,2022-03-02,Mallorca,Real Sociedad,75,80,75,82,74,81,75,78,41,40,25,24,74.15,376.95,0,2,A,0,1,A,13,13,1,3,12,9,3,4,0,2,0,0,0.46,1.45,0.34,1.33,0.55,2.2,12.96,10.57,3.4,3.2,2.25,3.5,3.3,2.1,3.35,3.25,2.25,3.61,3.22,2.3,3.5,3.1,2.2,3.25,3.2,2.2,3.31,3.16,2.48
SP1,2022-03-04,Alaves,Sevilla,75,82,78,82,74,81,76,82,43,43,25,25,65.349999,385.0,0,0,D,0,0,D,14,13,2,4,16,8,5,5,3,1,0,0,2.03,1.08,2.01,0.94,2.11,0.67,9.31,10.09,4.5,3.1,1.95,4.6,2.9,2.0,4.3,3.15,2.0,4.74,3.14,2.02,4.33,3.1,2.0,4.4,3.13,2.0,4.8,3.14,2.0
SP1,2022-03-05,Osasuna,Villarreal,76,80,77,79,76,81,75,79,32,39,26,26,108.45,408.9,1,0,H,0,0,D,12,10,3,1,12,6,6,8,1,0,0,0,1.53,0.52,0.91,0.4,2.19,0.58,15.38,9.55,3.5,3.4,2.1,3.6,3.4,2.05,3.5,3.35,2.15,3.77,3.41,2.15,3.6,3.4,2.05,3.6,3.4,2.1,3.47,3.28,2.33
SP1,2022-03-05,Espanyol,Getafe,77,76,82,75,77,76,76,75,38,43,25,25,131.6,208.68,2,0,H,2,0,H,4,12,1,3,17,15,1,5,6,5,0,0,0.12,0.48,0.12,0.31,0.79,1.64,6.66,9.52,2.15,3.0,3.6,2.1,3.2,3.7,2.25,3.05,3.6,2.31,3.09,3.75,2.25,3.0,3.6,2.2,3.0,3.5,2.3,3.04,3.89
SP1,2022-03-05,Valencia,Granada,77,77,78,77,77,78,78,77,44,39,23,26,310.6,103.75,3,1,H,0,0,D,12,7,4,0,14,13,3,6,3,3,0,0,1.83,0.21,0.92,0.1,2.7,0.18,5.67,16.09,1.75,3.6,4.5,1.75,3.75,4.5,1.8,3.65,4.5,1.79,3.79,4.92,1.78,3.6,4.6,1.75,3.6,4.4,1.81,3.77,4.84
SP1,2022-03-05,Real Madrid,Real Sociedad,84,80,84,82,85,81,84,78,36,40,25,24,770.75,376.95,4,1,H,2,1,H,18,1,8,1,12,14,7,1,0,2,0,0,2.09,0.74,1.05,0.0,2.5,0.31,9.52,19.73,1.6,4.2,5.25,1.61,4.1,5.25,1.63,4.1,5.25,1.64,4.21,5.65,1.6,4.0,5.5,1.57,4.0,5.25,1.53,4.35,7.14
SP1,2022-03-06,Cadiz,Rayo Vallecano,75,74,76,78,74,74,73,73,37,36,27,26,67.8,67.2,2,0,H,0,0,D,13,14,7,3,23,15,5,6,5,3,0,0,1.17,0.91,0.46,0.75,1.56,1.12,7.32,8.84,2.7,3.1,2.7,2.75,2.95,2.8,2.75,3.05,2.8,2.93,3.06,2.82,2.7,3.0,2.8,2.7,3.0,2.7,2.58,3.03,3.29
SP1,2022-03-06,Elche,Barcelona,74,82,74,82,74,84,73,81,37,47,27,25,72.98,735.6,1,2,A,1,0,H,13,20,3,9,10,8,5,6,2,6,1,0,0.85,4.09,0.56,2.81,0.07,2.89,21.67,7.06,7.5,4.33,1.4,7.0,4.5,1.44,7.5,4.7,1.43,8.27,4.81,1.43,7.5,4.4,1.42,7.0,4.6,1.4,8.61,4.98,1.41
SP1,2022-03-06,Celta Vigo,Mallorca,76,75,80,75,76,74,76,75,34,41,25,25,120.0,74.15,4,3,H,2,1,H,16,12,8,3,17,9,4,5,5,4,1,0,2.8,1.59,1.64,0.7,2.24,0.57,7.41,15.64,1.75,3.4,5.25,1.77,3.4,5.0,1.77,3.55,4.8,1.76,3.51,5.82,1.75,3.5,5.0,1.73,3.5,4.8,1.95,3.27,4.89
SP1,2022-03-06,Real Betis,Atletico Madrid,79,83,80,85,79,83,78,82,38,43,27,25,259.0,661.8,1,3,A,1,1,D,18,8,6,6,16,10,10,3,5,3,0,0,1.31,2.67,1.18,2.38,0.53,2.3,6.21,26.5,3.0,3.2,2.37,3.0,3.25,2.37,2.95,3.4,2.4,3.28,3.25,2.44,3.0,3.25,2.38,3.0,3.3,2.3,3.68,3.28,2.24
SP1,2022-03-07,Athletic Club,Levante,79,76,80,77,79,78,78,73,31,42,25,26,226.05,77.9,3,1,H,0,0,D,17,5,9,2,6,14,4,3,1,2,0,0,3.49,0.55,2.67,0.19,2.89,0.07,14.62,9.2,1.57,4.0,5.5,1.52,4.33,6.0,1.57,4.2,5.75,1.58,4.19,6.53,1.53,3.9,6.5,1.53,4.0,5.75,1.53,4.43,6.88
SP1,2022-03-11,Atletico Madrid,Cadiz,83,75,85,77,83,74,82,73,43,37,25,27,661.8,67.8,2,1,H,1,1,D,6,14,5,3,23,14,0,4,4,1,1,0,0.66,0.82,0.25,0.54,1.18,1.45,8.43,9.44,1.36,4.6,9.5,1.37,4.4,10.5,1.37,4.6,10.0,1.39,4.62,11.13,1.38,4.33,9.5,1.4,4.4,9.5,1.36,4.83,11.76
SP1,2022-03-12,Levante,Espanyol,76,77,77,78,78,77,73,76,42,38,26,25,77.9,131.6,1,1,D,0,0,D,14,6,3,1,17,10,8,2,4,4,0,0,1.26,0.48,1.09,0.48,2.1,0.61,7.26,14.39,2.3,3.3,3.2,2.25,3.3,3.2,2.3,3.4,3.1,2.36,3.5,3.2,2.25,3.4,3.1,2.3,3.4,3.13,2.24,3.39,3.57
SP1,2022-03-12,Granada,Elche,77,74,77,74,78,74,77,73,39,37,26,27,103.75,72.98,0,1,A,0,1,A,15,13,4,2,15,16,3,3,3,6,0,0,1.34,1.33,1.27,1.22,1.38,1.33,7.0,10.04,2.25,3.2,3.4,2.2,3.25,3.4,2.3,3.2,3.3,2.33,3.21,3.56,2.3,3.1,3.3,2.25,3.13,3.2,2.38,3.17,3.49
SP1,2022-03-12,Villarreal,Celta Vigo,80,76,79,80,81,76,79,76,39,34,26,25,408.9,120.0,1,0,H,0,0,D,10,12,3,2,12,14,5,6,1,1,0,0,1.17,0.93,1.17,0.32,1.56,1.11,16.71,7.09,1.65,4.2,4.75,1.65,4.0,5.0,1.67,3.95,4.9,1.68,4.25,5.18,1.65,3.9,5.0,1.62,3.9,5.0,1.65,4.27,5.44
SP1,2022-03-12,Getafe,Valencia,76,77,75,78,76,77,75,78,43,44,25,23,208.68,310.6,0,0,D,0,0,D,16,6,6,0,18,21,5,3,6,5,0,0,1.21,0.25,1.06,0.16,2.23,0.48,5.96,5.92,2.37,3.2,3.2,2.37,3.1,3.1,2.35,3.15,3.2,2.43,3.1,3.47,2.3,3.1,3.3,2.25,3.1,3.2,2.22,3.02,4.14
SP1,2022-03-13,Rayo Vallecano,Sevilla,74,82,78,82,74,81,73,82,36,43,26,25,67.2,385.0,1,1,D,0,0,D,10,3,2,2,16,15,5,6,0,1,0,0,0.63,0.41,0.22,0.4,1.49,1.05,10.88,7.86,3.4,3.1,2.3,3.4,3.25,2.15,3.3,3.1,2.35,3.44,3.23,2.37,3.2,3.1,2.35,3.2,3.1,2.3,3.23,3.14,2.54
SP1,2022-03-13,Real Betis,Athletic Club,79,79,79,80,80,79,78,78,38,31,27,25,259.0,226.05,1,0,H,1,0,H,8,11,5,2,17,12,5,6,4,5,1,0,0.85,0.71,0.85,0.65,1.47,1.15,12.4,10.83,2.3,3.3,3.2,2.3,3.3,3.1,2.35,3.3,3.1,2.47,3.21,3.28,2.3,3.2,3.2,2.3,3.3,3.0,2.61,3.24,3.02
SP1,2022-03-13,Real Sociedad,Alaves,80,75,82,78,81,74,78,76,40,43,24,25,376.95,65.349999,1,0,H,0,0,D,15,13,6,4,15,12,6,4,1,1,0,0,3.05,0.67,2.82,0.43,2.75,0.17,9.47,12.26,1.53,4.0,7.0,1.5,4.2,6.75,1.53,4.2,6.5,1.52,4.23,7.68,1.5,4.0,7.0,1.5,3.9,6.5,1.68,3.64,6.48
SP1,2022-03-13,Barcelona,Osasuna,82,76,82,77,84,76,81,75,47,32,25,26,735.6,108.45,4,0,H,3,0,H,24,4,9,3,7,4,5,1,0,4,0,0,3.9,0.11,2.09,0.04,2.99,0.01,6.39,33.53,1.33,4.75,10.0,1.36,5.0,8.25,1.35,5.25,8.75,1.35,5.37,10.09,1.3,5.0,11.0,1.3,5.0,9.5,1.33,5.53,10.55
SP1,2022-03-14,Mallorca,Real Madrid,75,84,75,84,74,85,75,84,41,36,25,25,74.15,770.75,0,3,A,0,0,D,14,11,3,5,13,15,1,6,3,3,0,0,1.18,1.82,0.59,1.06,0.85,1.9,12.38,7.07,6.0,4.0,1.57,5.75,4.2,1.55,5.75,4.2,1.57,6.3,4.39,1.56,5.8,4.0,1.57,5.75,4.1,1.53,5.96,4.26,1.61
SP1,2022-03-18,Athletic Club,Getafe,79,76,80,75,78,76,78,75,31,43,25,25,226.05,208.68,1,1,D,1,1,D,22,7,11,2,15,13,8,2,4,5,0,2,2.64,0.56,2.42,0.52,2.69,0.21,4.7,17.19,1.72,3.2,6.0,1.75,3.2,5.75,1.75,3.25,5.75,1.76,3.28,6.56,1.8,3.2,5.25,1.73,3.4,5.75,1.69,3.47,6.84
SP1,2022-03-19,Alaves,Granada,75,77,78,77,74,78,76,77,43,39,25,26,65.349999,103.75,2,3,A,0,0,D,11,12,6,3,12,10,6,2,4,6,0,1,2.13,2.19,1.25,2.18,1.33,1.4,7.37,8.36,2.0,3.3,4.0,2.05,3.3,3.75,2.05,3.3,3.8,2.06,3.32,4.22,2.05,3.2,3.9,2.0,3.3,3.7,2.01,3.32,4.44
SP1,2022-03-19,Elche,Valencia,74,77,74,78,74,77,73,78,37,44,27,23,72.98,310.6,0,1,A,0,0,D,8,8,2,3,19,14,4,2,3,3,1,0,0.51,0.98,0.29,0.75,0.87,1.77,5.16,6.12,2.62,3.25,2.7,2.75,3.1,2.65,2.7,3.2,2.75,2.79,3.18,2.86,2.7,3.1,2.75,2.63,3.1,2.7,2.73,3.24,2.88
SP1,2022-03-19,Osasuna,Levante,76,76,77,77,76,78,75,73,32,42,26,26,108.45,77.9,3,1,H,1,0,H,20,13,7,4,9,17,6,1,0,1,0,0,2.67,1.22,1.82,1.09,2.31,0.53,12.67,9.91,1.9,3.5,4.2,1.9,3.4,4.1,1.9,3.5,4.2,1.93,3.6,4.41,1.91,3.3,4.33,1.85,3.4,4.2,1.92,3.57,4.52
SP1,2022-03-19,Rayo Vallecano,Atletico Madrid,74,83,78,85,74,83,73,82,36,43,26,25,67.2,661.8,0,1,A,0,0,D,15,11,3,3,15,12,3,6,0,0,0,1,1.88,1.19,1.62,1.16,1.9,0.86,8.37,14.72,4.0,3.25,2.0,3.7,3.25,2.05,3.85,3.3,2.05,4.1,3.44,2.05,3.9,3.2,2.05,3.75,3.25,2.0,4.11,3.2,2.14
SP1,2022-03-20,Espanyol,Mallorca,77,75,82,75,77,74,75,75,38,41,25,25,131.6,74.15,1,0,H,1,0,H,12,9,3,3,14,12,6,6,3,3,0,0,1.54,0.31,0.9,0.23,2.44,0.35,10.11,10.11,2.05,3.5,3.5,2.0,3.6,3.5,2.1,3.4,3.55,2.15,3.48,3.7,2.1,3.25,3.6,2.05,3.3,3.5,2.22,3.38,3.63
SP1,2022-03-20,Cadiz,Villarreal,75,80,77,79,74,81,73,80,37,39,27,26,67.8,408.9,1,0,H,0,0,D,16,3,7,1,11,11,6,3,3,2,0,0,1.43,0.19,1.39,0.19,2.52,0.29,14.14,7.77,4.75,3.5,1.83,4.6,3.5,1.78,4.5,3.65,1.8,4.94,3.58,1.85,4.6,3.5,1.8,4.4,3.6,1.75,3.8,3.38,2.16
SP1,2022-03-20,Celta Vigo,Real Betis,76,79,80,79,76,80,76,78,34,38,25,27,120.0,259.0,0,0,D,0,0,D,9,7,3,1,12,12,2,2,1,2,0,0,1.26,0.44,1.2,0.27,2.13,0.6,7.21,15.58,2.2,3.5,3.2,2.25,3.3,3.2,2.25,3.4,3.2,2.22,3.54,3.45,2.3,3.2,3.25,2.2,3.3,3.13,2.13,3.45,3.78
SP1,2022-03-20,Sevilla,Real Sociedad,82,80,82,82,81,81,82,78,43,40,25,24,385.0,376.95,0,0,D,0,0,D,10,13,0,2,12,13,7,3,0,3,0,0,0.36,1.22,0.32,0.63,0.55,2.17,6.52,18.32,2.05,3.25,3.8,2.05,3.2,3.9,2.1,3.3,3.75,2.16,3.21,4.01,2.05,3.1,4.0,2.0,3.25,3.75,2.21,3.19,3.9
SP1,2022-03-20,Real Madrid,Barcelona,84,82,84,82,85,84,84,81,36,47,25,25,770.75,735.6,0,4,A,0,2,A,14,18,4,10,9,12,4,3,4,4,0,0,0.63,4.26,0.52,3.54,0.05,2.93,24.67,14.32,2.15,3.6,3.25,2.1,3.8,3.1,2.15,3.55,3.35,2.2,3.73,3.34,2.1,3.6,3.25,2.05,3.6,3.25,2.36,3.46,3.23
SP1,2022-04-02,Getafe,Mallorca,76,74,75,75,76,74,75,75,43,41,25,25,208.68,74.15,1,0,H,0,0,D,16,7,3,1,15,22,5,1,5,6,0,1,1.69,0.31,0.47,0.15,2.61,0.24,3.77,7.43,2.15,3.0,4.0,2.15,3.0,3.9,2.2,3.0,3.9,2.22,3.05,4.1,2.15,3.0,3.9,2.2,3.0,3.9,2.0,3.14,4.87
SP1,2022-04-02,Levante,Villarreal,76,80,77,79,77,80,72,80,42,39,26,26,77.9,408.9,2,0,H,0,0,D,13,13,4,2,16,13,1,8,4,2,0,0,1.72,1.1,0.6,0.56,1.91,0.8,9.52,7.35,3.8,3.6,1.95,3.5,3.7,1.98,3.5,3.45,2.1,3.89,3.79,1.99,3.6,3.7,1.95,3.5,3.6,1.95,5.42,4.39,1.65
SP1,2022-04-02,Celta Vigo,Real Madrid,76,84,76,84,76,85,76,83,34,36,25,25,120.0,770.75,1,2,A,0,1,A,10,12,4,6,16,12,9,3,3,0,0,0,1.07,2.95,0.88,0.65,0.24,2.65,9.22,21.69,4.0,3.6,1.9,3.9,3.6,1.9,3.85,3.45,1.97,4.19,3.76,1.93,4.0,3.6,1.88,3.9,3.5,1.87,4.51,3.78,1.86
SP1,2022-04-02,Atletico Madrid,Alaves,83,75,85,76,82,74,82,76,43,43,25,25,661.8,65.349999,4,1,H,1,0,H,14,7,8,1,10,13,8,2,1,0,0,0,2.86,0.52,1.88,0.51,2.86,0.09,15.38,8.43,1.33,4.8,10.0,1.38,4.6,9.0,1.4,4.7,8.25,1.38,4.76,11.11,1.36,4.6,9.0,1.33,4.5,9.0,1.42,4.53,9.84
SP1,2022-04-03,Athletic Club,Elche,79,74,80,75,78,74,78,73,31,37,25,27,226.05,72.98,2,1,H,1,0,H,16,6,6,2,14,16,7,4,2,4,0,0,2.08,0.45,1.7,0.43,2.51,0.32,12.12,8.82,1.45,4.2,7.5,1.47,4.33,7.0,1.47,4.3,7.25,1.49,4.47,7.67,1.44,4.2,7.5,1.44,4.2,7.0,1.46,4.54,8.18
SP1,2022-04-03,Real Betis,Osasuna,79,76,79,77,80,76,78,75,38,32,27,26,259.0,108.45,4,1,H,2,0,H,24,10,8,3,11,5,11,7,1,3,0,0,4.86,0.31,3.67,0.19,3.0,0.0,6.46,11.05,1.9,3.5,4.0,1.95,3.4,3.9,1.97,3.5,3.9,2.0,3.42,4.34,2.0,3.2,4.0,1.93,3.4,3.9,1.96,3.45,4.47
SP1,2022-04-03,Granada,Rayo Vallecano,77,74,77,75,77,74,77,73,39,36,26,26,103.75,67.2,2,2,D,0,2,A,17,10,9,4,14,14,5,4,4,5,0,1,2.26,1.05,1.42,0.99,2.26,0.54,3.26,7.47,2.6,3.1,2.9,2.6,3.1,2.8,2.6,3.15,2.85,2.71,3.15,2.99,2.6,3.1,2.8,2.5,3.13,2.8,2.86,3.09,2.87
SP1,2022-04-03,Valencia,Cadiz,77,75,78,77,76,74,78,73,44,37,23,27,310.6,67.8,0,0,D,0,0,D,5,4,1,3,11,18,4,3,3,6,0,1,0.11,0.2,0.1,0.2,1.01,1.23,7.82,5.87,1.85,3.3,4.75,1.88,3.4,4.33,1.9,3.4,4.5,1.92,3.36,4.88,1.85,3.3,4.6,1.85,3.3,4.33,2.12,3.24,4.14
SP1,2022-04-03,Barcelona,Sevilla,82,81,82,81,84,81,81,83,47,43,25,25,735.6,385.0,1,0,H,0,0,D,19,8,6,3,12,8,9,2,3,3,0,0,1.93,0.49,1.86,0.16,2.44,0.38,9.06,16.06,1.45,4.5,7.0,1.49,4.2,7.0,1.53,4.3,6.25,1.47,4.75,7.34,1.44,4.33,7.5,1.44,4.2,7.0,1.45,4.7,8.15
SP1,2022-04-04,Real Sociedad,Espanyol,80,77,82,82,81,77,78,75,40,38,24,25,376.95,131.6,1,0,H,0,0,D,17,8,6,2,17,13,6,0,2,4,0,0,1.96,0.71,1.15,0.65,2.35,0.43,6.12,29.75,1.6,4.0,5.75,1.57,4.1,5.75,1.6,3.95,5.75,1.58,4.32,6.16,1.6,3.8,5.8,1.57,3.8,5.75,1.56,4.09,7.03
SP1,2022-04-08,Sevilla,Granada,81,77,81,77,81,77,83,77,43,39,25,26,385.0,103.75,4,2,H,1,1,D,16,15,8,5,7,7,14,3,2,2,0,0,3.31,0.98,3.28,0.89,2.78,0.15,5.17,24.71,1.5,4.33,7.0,1.49,4.1,7.0,1.5,4.2,7.25,1.48,4.4,8.07,1.47,4.0,7.5,1.45,4.2,8.0,1.42,4.84,9.17
SP1,2022-04-09,Cadiz,Real Betis,75,79,77,79,74,80,73,78,37,38,27,27,67.8,259.0,1,2,A,0,0,D,10,10,4,3,18,10,8,4,1,2,0,0,1.16,1.23,0.37,0.2,1.23,1.41,9.84,7.29,3.4,3.2,2.25,3.3,3.2,2.25,3.3,3.2,2.3,3.58,3.25,2.3,3.25,3.2,2.25,3.4,3.13,2.3,3.36,3.18,2.44
SP1,2022-04-09,Mallorca,Atletico Madrid,74,83,75,85,74,82,75,82,41,43,25,25,74.15,661.8,1,0,H,0,0,D,10,9,3,1,14,11,1,6,1,4,0,0,1.08,0.58,0.23,0.24,1.89,0.78,21.74,5.77,4.0,3.4,1.95,4.33,3.25,1.93,4.2,3.35,1.95,4.51,3.42,1.96,4.33,3.3,1.91,4.1,3.3,1.9,4.35,3.09,2.13
SP1,2022-04-09,Villarreal,Athletic Club,80,79,79,80,80,78,80,78,39,31,26,25,408.9,226.05,1,1,D,0,1,A,11,12,5,6,17,15,7,2,2,3,0,0,0.92,2.05,0.54,1.92,0.52,2.26,8.68,14.35,2.3,3.4,3.1,2.3,3.3,3.2,2.3,3.35,3.1,2.39,3.33,3.29,2.25,3.2,3.25,2.3,3.3,3.0,2.71,3.27,2.88
SP1,2022-04-09,Real Madrid,Getafe,84,76,84,75,85,76,83,75,36,43,25,25,770.75,208.68,2,0,H,1,0,H,26,8,8,0,13,11,10,2,2,2,0,0,1.62,0.41,1.57,0.15,2.39,0.41,8.82,31.0,1.4,4.5,8.5,1.42,4.4,8.0,1.43,4.4,7.75,1.41,4.75,9.55,1.38,4.4,9.0,1.4,4.2,8.0,1.44,4.65,8.51
SP1,2022-04-10,Osasuna,Alaves,76,75,77,76,76,74,75,76,32,43,26,25,108.45,65.349999,1,0,H,0,0,D,15,8,4,2,12,6,7,3,3,1,0,0,2.67,0.78,1.93,0.75,2.69,0.2,5.77,21.79,1.95,3.3,4.33,1.93,3.4,4.0,1.95,3.35,4.2,1.99,3.28,4.62,1.95,3.2,4.2,1.9,3.3,4.1,2.05,3.31,4.3
SP1,2022-04-10,Espanyol,Celta Vigo,77,76,82,76,77,76,75,76,38,34,25,25,131.6,120.0,1,0,H,0,0,D,11,10,2,5,12,21,2,3,4,1,0,0,1.56,0.7,1.04,0.4,2.11,0.63,13.5,9.1,2.75,3.2,2.7,2.75,3.1,2.65,2.75,3.15,2.7,2.92,3.14,2.77,2.75,3.1,2.7,2.7,3.1,2.63,3.01,3.21,2.64
SP1,2022-04-10,Elche,Real Sociedad,74,80,75,82,74,81,73,78,37,40,27,24,72.98,376.95,1,2,A,1,2,A,10,17,1,6,15,12,8,9,3,3,0,0,1.05,2.08,0.89,1.39,0.61,2.17,11.63,7.08,3.9,3.4,2.0,3.8,3.3,2.0,3.85,3.35,2.05,3.93,3.58,2.05,3.9,3.3,2.0,3.7,3.3,2.0,4.95,3.53,1.85
SP1,2022-04-10,Levante,Barcelona,76,82,77,82,77,84,72,81,42,47,26,25,77.9,735.6,2,3,A,0,0,D,11,14,6,7,8,7,4,3,1,1,0,0,2.99,1.36,0.72,1.0,2.52,0.35,22.56,17.27,6.0,5.0,1.45,6.25,4.8,1.46,6.25,5.0,1.43,6.99,5.05,1.46,6.5,4.6,1.44,6.5,4.6,1.4,7.0,4.91,1.47
SP1,2022-04-11,Rayo Vallecano,Valencia,74,77,75,78,74,76,73,78,36,44,26,23,67.2,310.6,1,1,D,0,0,D,11,6,4,2,13,17,5,4,3,4,0,0,0.56,0.57,0.35,0.57,1.27,1.3,7.0,8.81,2.2,3.3,3.3,2.2,3.2,3.5,2.25,3.25,3.3,2.26,3.33,3.59,2.25,3.2,3.3,2.2,3.2,3.25,2.55,3.21,3.14
SP1,2022-04-15,Real Sociedad,Real Betis,80,79,82,79,81,80,78,78,40,38,24,27,376.95,259.0,0,0,D,0,0,D,9,9,2,2,17,7,8,1,4,4,1,0,0.87,0.38,0.83,0.28,1.82,0.81,7.38,22.42,2.1,3.5,3.4,2.1,3.4,3.4,2.15,3.45,3.4,2.17,3.55,3.57,2.1,3.4,3.5,2.1,3.4,3.3,1.97,3.69,4.09
SP1,2022-04-16,Elche,Mallorca,74,74,75,75,74,74,73,75,37,41,27,25,72.98,74.15,3,0,H,1,0,H,6,13,2,2,17,13,2,1,2,3,0,0,1.5,1.06,0.94,0.9,1.76,0.94,11.61,11.35,2.7,3.0,2.9,2.65,3.0,2.85,2.65,3.05,2.9,2.77,3.06,3.0,2.62,3.0,2.88,2.6,3.0,2.8,3.03,2.9,2.88
SP1,2022-04-16,Alaves,Rayo Vallecano,75,74,76,75,74,74,76,73,43,36,25,26,65.349999,67.2,1,0,H,0,0,D,11,20,5,3,10,9,2,12,2,3,0,1,0.53,1.22,0.37,1.09,0.75,1.95,13.26,4.78,2.7,3.1,2.8,2.65,3.1,2.75,2.7,3.1,2.8,2.78,3.21,2.85,2.6,3.1,2.8,2.6,3.1,2.7,2.81,3.07,2.94
SP1,2022-04-16,Valencia,Osasuna,77,76,78,77,76,76,78,75,44,32,23,26,310.6,108.45,1,2,A,0,0,D,11,9,4,3,11,22,9,5,1,2,0,0,1.21,1.06,0.4,0.31,1.43,1.17,8.69,4.86,2.15,3.2,3.7,2.15,3.2,3.6,2.15,3.2,3.65,2.18,3.3,3.83,2.15,3.2,3.5,2.1,3.2,3.6,2.26,3.33,3.57
SP1,2022-04-16,Getafe,Villarreal,76,80,75,79,76,80,75,80,43,39,25,26,208.68,408.9,1,2,A,0,2,A,12,11,5,6,17,6,6,6,2,0,0,0,0.94,2.82,0.86,2.77,0.25,2.64,9.59,11.93,3.1,3.1,2.5,3.1,3.1,2.45,2.95,3.1,2.55,3.21,3.13,2.56,3.0,3.1,2.45,2.9,3.1,2.45,3.41,3.07,2.48
SP1,2022-04-17,Granada,Levante,77,76,77,77,77,77,77,72,39,42,26,26,103.75,77.9,1,4,A,0,1,A,16,17,4,8,10,9,13,2,5,2,1,0,1.16,4.46,0.84,3.6,0.08,2.89,8.79,11.56,2.37,3.4,3.0,2.25,3.6,2.9,2.35,3.45,2.95,2.4,3.65,3.02,2.35,3.4,2.9,2.3,3.4,2.9,2.33,3.45,3.31
SP1,2022-04-17,Atletico Madrid,Espanyol,83,77,84,82,82,77,82,75,43,38,25,25,661.8,131.6,2,1,H,0,0,D,10,11,3,5,18,12,6,3,5,5,1,0,1.59,0.81,0.77,0.56,2.05,0.69,14.15,12.82,1.4,4.5,8.5,1.44,4.5,7.0,1.43,4.4,8.0,1.44,4.68,8.65,1.4,4.2,9.0,1.4,4.2,8.0,1.36,5.22,10.13
SP1,2022-04-17,Athletic Club,Celta Vigo,79,76,78,76,78,76,79,76,31,34,25,25,226.05,120.0,0,2,A,0,2,A,10,6,2,4,13,15,5,4,2,2,0,0,0.91,0.88,0.9,0.88,1.31,1.32,12.35,7.55,1.75,3.6,5.0,1.82,3.5,4.5,1.8,3.55,4.6,1.85,3.67,4.78,1.8,3.5,4.5,1.8,3.4,4.5,1.79,3.61,5.27
SP1,2022-04-17,Sevilla,Real Madrid,81,84,81,84,81,86,83,83,43,36,25,25,385.0,770.75,2,3,A,2,0,H,7,15,2,6,11,9,0,3,3,4,0,0,1.17,1.54,1.06,1.41,1.06,1.65,12.38,13.38,3.0,3.4,2.4,2.9,3.4,2.35,2.95,3.3,2.45,3.01,3.48,2.49,2.88,3.25,2.45,2.9,3.2,2.4,3.0,3.29,2.6
SP1,2022-04-18,Barcelona,Cadiz,82,75,82,76,84,75,81,73,47,37,25,27,735.6,67.8,0,1,A,0,0,D,18,6,6,4,16,9,8,1,4,1,0,0,1.35,1.93,1.17,1.28,0.86,1.89,2.69,26.14,1.2,6.5,15.0,1.21,6.75,14.5,1.22,6.5,13.0,1.23,6.78,14.85,1.22,6.0,15.0,1.18,6.5,13.0,1.19,7.63,16.65
SP1,2022-04-19,Mallorca,Alaves,74,75,75,76,74,74,75,76,41,43,25,25,74.15,65.349999,2,1,H,2,0,H,5,12,3,4,25,15,0,6,2,6,0,0,0.91,0.56,0.91,0.41,1.7,0.94,9.32,5.26,1.95,3.3,4.2,1.98,3.2,4.2,2.0,3.1,4.5,2.0,3.28,4.55,2.0,3.1,4.2,1.95,3.25,4.4,1.92,3.3,5.02
SP1,2022-04-19,Real Betis,Elche,79,74,79,75,80,74,78,73,38,37,27,27,259.0,72.98,0,1,A,0,0,D,18,9,3,1,9,14,2,3,2,3,1,0,1.34,0.83,0.9,0.74,1.75,0.94,5.79,23.67,1.55,4.0,6.0,1.55,4.1,6.0,1.53,4.3,6.25,1.55,4.35,6.75,1.52,4.0,6.5,1.53,4.2,6.5,1.48,4.48,7.95
SP1,2022-04-19,Villarreal,Valencia,80,77,79,78,80,76,80,78,39,44,26,23,408.9,310.6,2,0,H,2,0,H,12,5,5,1,14,12,3,2,2,3,0,0,2.8,0.31,1.99,0.2,2.85,0.09,10.5,11.42,1.44,4.75,6.5,1.47,4.5,6.5,1.55,4.4,5.75,1.45,4.91,7.61,1.47,4.33,7.0,1.44,4.6,7.0,1.35,5.65,9.5
SP1,2022-04-20,Atletico Madrid,Granada,83,77,84,77,82,77,82,77,43,39,25,26,661.8,103.75,0,0,D,0,0,D,22,7,1,2,9,12,11,1,4,5,0,0,1.15,0.15,0.87,0.12,2.24,0.45,9.19,14.08,1.3,5.25,10.0,1.31,5.25,10.0,1.3,5.5,10.0,1.31,5.71,11.41,1.29,5.25,11.0,1.29,5.0,10.0,1.37,5.17,9.55
SP1,2022-04-20,Celta Vigo,Getafe,76,76,76,75,76,76,76,75,34,43,25,25,120.0,208.68,0,2,A,0,1,A,9,6,2,3,13,13,2,1,2,5,0,0,0.33,1.46,0.21,1.03,0.42,2.36,4.76,19.57,2.15,3.1,3.75,2.2,3.0,3.7,2.2,3.05,3.7,2.24,3.12,3.93,2.2,2.9,3.8,2.15,3.0,3.6,2.18,3.02,4.3
SP1,2022-04-20,Osasuna,Real Madrid,76,84,77,84,76,86,75,83,32,36,26,25,108.45,770.75,1,3,A,1,2,A,12,23,3,11,13,7,3,4,1,3,0,0,0.87,4.6,0.25,2.4,0.02,2.97,19.85,11.28,5.0,3.75,1.66,5.25,3.75,1.68,5.0,3.9,1.67,5.67,3.9,1.69,5.25,3.7,1.67,4.8,3.8,1.65,4.0,3.7,1.99
SP1,2022-04-21,Espanyol,Rayo Vallecano,77,74,82,75,77,74,75,73,38,36,25,26,131.6,67.2,0,1,A,0,1,A,6,13,2,2,14,18,3,10,4,4,0,0,0.45,1.02,0.45,0.76,0.79,1.87,8.95,9.86,2.37,3.2,3.1,2.37,3.2,3.1,2.45,3.15,3.05,2.5,3.2,3.23,2.45,3.0,3.1,2.4,3.13,3.0,2.78,3.13,2.92
SP1,2022-04-21,Levante,Sevilla,76,81,77,81,77,81,72,83,42,43,26,25,77.9,385.0,2,3,A,1,2,A,15,13,6,6,9,12,10,4,1,5,0,0,2.62,2.46,1.04,2.36,1.5,1.27,12.8,11.0,3.5,3.5,2.1,3.5,3.5,2.05,3.45,3.4,2.15,3.53,3.54,2.19,3.6,3.4,2.05,3.4,3.4,2.05,3.56,3.38,2.25
SP1,2022-04-21,Cadiz,Athletic Club,75,79,77,78,75,78,73,79,37,31,27,25,67.8,226.05,2,3,A,0,3,A,27,9,8,7,9,15,4,1,3,5,0,1,3.43,2.33,2.32,1.43,2.07,0.73,10.87,11.43,3.4,3.0,2.3,3.4,3.1,2.2,3.4,3.1,2.3,3.57,3.13,2.37,3.4,3.1,2.25,3.25,3.1,2.25,3.27,3.0,2.61
SP1,2022-04-21,Real Sociedad,Barcelona,80,83,81,83,80,85,77,81,40,47,24,25,376.95,735.6,0,1,A,0,1,A,8,11,5,1,12,9,5,3,1,2,0,0,1.03,1.96,0.54,1.96,0.65,2.11,7.17,16.35,3.5,3.5,2.1,3.4,3.5,2.1,3.3,3.55,2.15,3.48,3.7,2.15,3.3,3.6,2.1,3.25,3.5,2.1,3.38,3.51,2.26
SP1,2022-04-24,Barcelona,Rayo Vallecano,83,74,83,75,85,74,81,73,47,36,25,26,735.6,67.2,0,1,A,0,1,A,18,3,5,1,10,1,9,1,4,6,0,0,1.11,0.25,0.6,0.25,2.11,0.56,6.48,12.32,1.3,5.5,10.0,1.29,5.75,10.0,1.3,5.75,9.0,1.33,5.56,10.84,1.29,5.25,10.0,1.25,5.5,10.0,1.33,5.69,10.22
SP1,2022-04-29,Sevilla,Cadiz,81,75,81,77,82,75,83,73,43,37,25,27,385.0,67.8,1,1,D,1,0,H,11,10,6,4,15,11,5,6,2,2,0,0,0.87,0.9,0.89,0.68,1.33,1.31,9.24,12.83,1.65,3.5,6.0,1.63,3.7,5.75,1.67,3.65,5.75,1.65,3.77,6.57,1.63,3.6,5.8,1.62,3.8,6.0,1.56,4.03,7.35
SP1,2022-04-30,Alaves,Villarreal,75,80,76,79,74,80,76,80,43,39,25,26,65.349999,408.9,2,1,H,2,0,H,11,16,5,6,14,5,5,8,5,2,0,0,1.85,1.14,1.72,0.85,1.97,0.79,14.48,11.7,3.4,3.5,2.1,3.4,3.4,2.15,3.35,3.4,2.15,3.56,3.45,2.21,3.4,3.3,2.15,3.4,3.3,2.1,3.5,3.39,2.26
SP1,2022-04-30,Real Madrid,Espanyol,84,77,85,82,86,77,83,75,36,38,25,25,770.75,131.6,4,0,H,2,0,H,11,20,5,6,11,6,6,8,2,0,0,0,2.32,1.64,2.23,1.61,1.87,0.91,15.13,25.2,1.5,4.5,6.0,1.49,4.5,6.5,1.53,4.6,5.5,1.51,4.58,6.99,1.47,4.2,7.0,1.45,4.4,6.5,1.48,4.85,7.04
SP1,2022-04-30,Valencia,Levante,77,76,78,78,76,77,78,72,44,42,23,26,310.6,77.9,1,1,D,1,0,H,6,24,1,6,11,21,1,7,4,3,1,0,0.74,1.7,0.74,1.15,0.64,2.11,16.6,4.05,2.2,3.5,3.2,2.25,3.5,3.0,2.3,3.5,3.05,2.33,3.6,3.17,2.25,3.4,3.1,2.2,3.4,3.1,2.16,3.42,3.76
SP1,2022-04-30,Athletic Club,Atletico Madrid,79,83,78,85,78,82,79,82,31,43,25,25,226.05,661.8,2,0,H,1,0,H,11,9,4,3,18,15,5,3,3,3,0,0,1.25,0.5,0.39,0.42,2.13,0.6,9.16,9.9,3.0,3.0,2.55,3.0,3.1,2.5,3.0,3.05,2.55,3.08,3.14,2.64,3.0,3.1,2.45,2.9,3.0,2.5,2.94,3.0,2.87
SP1,2022-05-01,Elche,Osasuna,74,76,75,77,74,76,73,75,37,32,27,26,72.98,108.45,1,1,D,0,0,D,11,9,4,3,13,18,7,4,4,2,0,0,0.81,1.12,0.66,0.32,0.98,1.67,9.56,8.07,2.8,3.2,2.7,2.85,3.2,2.5,2.8,3.15,2.65,2.87,3.19,2.78,2.8,3.1,2.6,2.7,3.1,2.63,2.76,3.09,2.97
SP1,2022-05-01,Granada,Celta Vigo,77,76,77,80,77,76,77,75,39,34,26,25,103.75,120.0,1,1,D,0,0,D,15,13,6,6,11,13,5,4,1,3,0,0,1.0,1.3,0.38,1.16,1.09,1.6,6.77,6.31,2.8,3.2,2.62,2.6,3.25,2.7,2.7,3.25,2.65,2.94,3.31,2.63,2.75,3.2,2.6,2.75,3.2,2.5,2.94,3.29,2.65
SP1,2022-05-01,Rayo Vallecano,Real Sociedad,74,80,75,82,74,80,73,78,36,40,26,24,67.2,376.95,1,1,D,0,1,A,13,8,7,3,15,7,8,5,2,1,0,0,1.2,0.87,0.37,0.84,1.67,0.97,10.74,18.5,3.3,3.1,2.37,2.95,3.1,2.45,3.25,3.2,2.3,3.31,3.27,2.41,3.2,3.1,2.35,3.13,3.1,2.3,3.93,3.29,2.15
SP1,2022-05-01,Barcelona,Mallorca,83,74,83,75,85,74,81,74,47,41,25,25,735.6,74.15,2,1,H,1,0,H,17,6,5,2,13,12,5,2,2,3,0,0,1.64,1.24,1.4,1.24,1.64,1.07,5.61,19.88,1.3,5.5,9.0,1.32,5.5,8.75,1.33,5.75,8.75,1.32,5.85,10.03,1.32,5.25,9.0,1.29,5.25,9.5,1.25,6.7,12.34
SP1,2022-05-02,Getafe,Real Betis,76,79,75,80,76,79,75,78,43,38,25,27,208.68,259.0,0,0,D,0,0,D,13,9,2,4,13,13,2,4,1,1,0,0,0.85,0.47,0.62,0.41,1.67,0.94,15.61,5.48,2.75,3.1,2.7,2.7,3.2,2.7,2.75,3.1,2.75,2.89,3.17,2.77,2.7,3.1,2.75,2.7,3.0,2.7,2.92,3.09,2.81
SP1,2022-05-06,Levante,Real Sociedad,76,80,78,81,77,81,72,78,42,40,26,24,77.9,376.95,2,1,H,0,0,D,16,21,7,6,10,11,7,6,2,3,0,0,2.22,2.31,1.14,2.19,1.34,1.43,11.04,5.41,3.3,3.6,2.1,3.25,3.4,2.15,3.4,3.45,2.15,3.53,3.57,2.18,3.2,3.4,2.2,3.4,3.5,2.15,3.45,3.51,2.24
SP1,2022-05-07,Mallorca,Granada,74,77,75,77,74,77,74,77,41,39,25,26,74.15,103.75,2,6,A,1,1,D,18,14,8,7,11,13,5,5,3,2,0,0,1.78,2.65,1.25,0.99,0.76,2.03,10.92,7.78,1.95,3.5,4.0,2.0,3.4,3.8,2.0,3.4,3.85,2.05,3.36,4.23,2.0,3.3,3.9,2.0,3.4,3.9,1.98,3.43,4.41
SP1,2022-05-07,Athletic Club,Valencia,79,77,78,78,78,76,79,78,31,44,25,23,226.05,310.6,0,0,D,0,0,D,10,4,5,1,13,22,4,2,4,4,0,1,1.54,0.13,1.43,0.08,2.55,0.26,4.07,10.18,1.55,4.0,6.5,1.55,4.0,6.0,1.57,4.1,6.0,1.56,4.27,6.65,1.57,3.9,6.0,1.53,3.9,6.0,1.43,4.63,8.95
SP1,2022-05-07,Cadiz,Elche,75,74,77,75,75,74,73,73,37,37,27,27,67.8,72.98,3,0,H,0,0,D,17,4,7,2,18,13,8,1,1,0,0,1,2.02,0.06,1.57,0.06,2.8,0.11,6.61,25.6,1.7,3.75,5.0,1.77,3.6,4.75,1.73,3.55,5.0,1.75,3.75,5.38,1.78,3.4,4.8,1.73,3.4,5.0,1.64,3.97,6.11
SP1,2022-05-07,Celta Vigo,Alaves,76,75,79,76,77,74,75,76,34,43,25,25,120.0,65.349999,4,0,H,2,0,H,15,3,7,1,7,7,7,1,1,3,0,1,3.0,0.14,2.64,0.1,2.93,0.04,8.35,21.1,1.9,3.4,4.33,1.87,3.4,4.4,1.95,3.35,4.2,1.94,3.47,4.55,1.88,3.4,4.33,1.87,3.3,4.2,1.83,3.57,5.11
SP1,2022-05-07,Real Betis,Barcelona,79,83,80,83,79,85,78,81,38,47,27,25,259.0,735.6,1,2,A,0,0,D,14,11,5,5,16,18,4,8,1,2,0,0,0.63,1.2,0.48,0.82,0.83,1.87,12.71,7.82,3.0,3.6,2.25,3.0,3.75,2.15,3.05,3.65,2.25,3.17,3.83,2.24,3.1,3.7,2.15,3.0,3.6,2.15,3.04,3.76,2.34
SP1,2022-05-08,Getafe,Rayo Vallecano,76,74,75,75,76,74,75,73,43,36,25,26,208.68,67.2,0,0,D,0,0,D,12,12,6,1,20,14,4,5,3,4,0,0,0.63,0.82,0.54,0.7,1.14,1.49,8.49,8.91,2.05,3.1,4.2,2.05,3.1,4.0,2.1,3.05,4.1,2.16,3.04,4.34,2.05,3.0,4.2,2.05,3.0,3.9,2.29,3.01,3.95
SP1,2022-05-08,Villarreal,Sevilla,80,81,79,81,81,81,79,83,39,43,26,25,408.9,385.0,1,1,D,0,0,D,14,7,6,2,14,15,4,2,3,0,0,0,2.7,0.99,1.7,0.37,2.53,0.32,11.84,11.81,2.3,3.3,3.1,2.3,3.3,3.1,2.35,3.3,3.1,2.42,3.32,3.24,2.25,3.3,3.2,2.3,3.3,3.0,2.15,3.4,3.8
SP1,2022-05-08,Espanyol,Osasuna,77,76,82,77,77,76,75,76,38,32,25,26,131.6,108.45,1,1,D,0,1,A,12,12,3,5,6,15,6,6,1,3,0,0,0.57,1.11,0.49,0.6,0.82,1.87,23.27,9.61,2.3,3.3,3.2,2.35,3.3,3.0,2.35,3.25,3.15,2.39,3.34,3.29,2.3,3.3,3.1,2.3,3.2,3.1,2.42,3.29,3.27
SP1,2022-05-08,Atletico Madrid,Real Madrid,83,84,85,85,82,86,82,83,43,36,25,25,661.8,770.75,1,0,H,1,0,H,16,15,2,6,17,7,4,6,2,4,0,0,2.45,1.14,1.59,0.78,2.27,0.55,12.11,19.83,2.1,3.5,3.5,2.05,3.6,3.5,2.05,3.5,3.55,2.14,3.58,3.62,2.05,3.5,3.5,2.05,3.4,3.4,1.83,3.78,4.71
SP1,2022-05-10,Valencia,Real Betis,77,79,78,80,76,79,78,78,44,38,23,27,310.6,259.0,0,3,A,0,0,D,19,9,5,5,17,11,7,3,1,3,0,0,1.12,1.84,0.95,1.64,0.73,2.02,9.36,6.94,3.1,3.4,2.2,3.2,3.3,2.25,3.2,3.35,2.3,3.24,3.46,2.36,3.25,3.25,2.25,3.2,3.3,2.3,3.52,3.51,2.21
SP1,2022-05-10,Granada,Athletic Club,77,79,77,78,77,78,77,79,39,31,26,25,103.75,226.05,1,0,H,1,0,H,12,8,2,1,20,11,2,7,4,2,0,1,1.02,0.36,0.9,0.31,2.01,0.66,5.52,9.82,3.2,3.3,2.25,3.3,3.3,2.2,3.25,3.3,2.25,3.35,3.42,2.32,3.2,3.4,2.2,3.3,3.3,2.25,3.69,3.48,2.15
SP1,2022-05-10,Barcelona,Celta Vigo,83,76,83,79,85,77,81,75,47,34,25,25,735.6,120.0,3,1,H,2,0,H,10,13,4,5,18,6,2,8,3,0,0,1,1.23,0.85,0.9,0.76,1.66,1.03,7.18,13.57,1.44,5.0,6.0,1.41,5.0,7.0,1.45,4.9,6.5,1.45,5.06,7.17,1.38,5.0,7.0,1.4,5.0,7.0,1.43,5.32,7.22
SP1,2022-05-11,Alaves,Espanyol,75,77,76,82,74,77,76,75,43,38,25,25,65.349999,131.6,2,1,H,1,1,D,27,5,9,3,11,15,12,3,3,3,0,1,2.46,0.9,1.96,0.14,2.48,0.35,12.33,20.43,2.1,3.4,3.5,2.15,3.4,3.4,2.15,3.4,3.4,2.16,3.6,3.55,2.1,3.4,3.5,2.1,3.4,3.3,2.17,3.48,3.79
SP1,2022-05-11,Osasuna,Getafe,76,76,77,75,76,76,76,75,32,43,26,25,108.45,208.68,1,1,D,1,1,D,12,6,1,0,10,17,7,2,2,4,0,1,0.61,0.58,0.35,0.5,1.28,1.29,6.07,13.67,2.7,2.9,3.0,2.55,2.9,3.1,2.65,2.9,3.0,2.79,2.98,3.05,2.55,2.9,3.1,2.6,2.9,2.9,2.59,2.87,3.48
SP1,2022-05-11,Sevilla,Mallorca,81,74,81,75,81,74,83,74,43,41,25,25,385.0,74.15,0,0,D,0,0,D,18,10,4,2,11,18,6,3,4,6,0,0,1.65,0.55,1.51,0.47,2.2,0.56,6.0,14.43,1.61,4.0,5.5,1.65,3.8,5.25,1.63,3.9,5.75,1.63,3.96,6.24,1.57,3.8,6.0,1.57,3.8,5.75,1.65,3.82,6.29
SP1,2022-05-11,Elche,Atletico Madrid,74,83,75,85,74,82,73,82,37,43,27,25,72.98,661.8,0,2,A,0,1,A,9,11,0,6,16,7,6,3,2,2,0,0,0.17,2.61,0.11,2.59,0.05,2.91,10.31,13.95,6.0,3.6,1.65,5.25,3.8,1.65,5.5,3.75,1.65,5.92,3.71,1.71,5.5,3.6,1.67,5.5,3.7,1.62,7.38,3.95,1.57
SP1,2022-05-12,Real Sociedad,Cadiz,80,75,81,77,81,75,78,73,40,37,24,27,376.95,67.8,3,0,H,1,0,H,13,14,7,1,13,11,2,12,4,2,0,0,2.66,0.68,1.17,0.56,2.69,0.21,9.46,13.06,1.66,3.6,5.5,1.66,3.7,5.5,1.67,3.7,5.5,1.7,3.71,6.0,1.63,3.6,5.8,1.65,3.6,5.25,1.64,3.79,6.63
SP1,2022-05-12,Rayo Vallecano,Villarreal,74,80,75,79,74,81,73,79,36,39,26,26,67.2,408.9,1,5,A,1,4,A,17,11,3,8,13,10,9,3,5,2,0,0,1.89,2.92,0.89,2.88,0.7,2.11,6.26,12.58,4.2,3.8,1.8,4.5,3.7,1.78,4.3,3.7,1.83,4.55,3.84,1.84,4.5,3.5,1.8,4.4,3.6,1.75,4.31,3.7,1.92
SP1,2022-05-12,Real Madrid,Levante,84,76,85,78,86,77,83,72,36,42,25,26,770.75,77.9,6,0,H,4,0,H,27,16,16,1,8,6,6,6,2,1,0,0,4.9,0.7,4.82,0.44,2.97,0.02,17.06,23.0,1.45,5.25,5.5,1.51,4.8,5.5,1.53,4.8,5.25,1.52,5.11,5.87,1.47,5.0,5.5,1.45,4.8,5.75,1.42,5.72,6.75
SP1,2022-05-14,Espanyol,Valencia,77,77,82,78,77,76,75,78,38,44,25,23,131.6,310.6,1,1,D,1,1,D,5,18,3,5,18,15,2,3,4,1,0,0,0.6,2.23,0.59,0.71,0.28,2.57,10.0,6.52,2.5,3.4,2.8,2.5,3.4,2.75,2.65,3.05,2.85,2.58,3.33,2.94,2.6,3.2,2.75,2.45,3.4,2.7,2.86,3.4,2.61
SP1,2022-05-15,Athletic Club,Osasuna,79,76,78,77,78,76,79,76,31,32,25,26,226.05,108.45,2,0,H,1,0,H,14,8,8,1,6,14,10,6,0,0,0,0,1.48,0.76,1.41,0.74,1.94,0.77,19.31,7.96,1.53,4.2,6.0,1.55,4.1,6.25,1.55,4.1,6.25,1.55,4.38,6.3,1.57,3.9,6.0,1.53,4.0,6.0,1.49,4.65,6.84
SP1,2022-05-15,Atletico Madrid,Sevilla,83,81,85,81,82,81,82,83,43,43,25,25,661.8,385.0,1,1,D,1,0,H,12,8,3,4,14,18,4,5,2,5,0,0,0.89,0.79,0.78,0.79,1.41,1.25,11.11,10.83,2.25,3.0,3.6,2.2,3.0,3.6,2.4,2.85,3.55,2.36,2.97,3.73,2.35,2.9,3.5,2.2,3.1,3.4,2.0,3.11,4.98
SP1,2022-05-15,Real Betis,Granada,79,77,80,77,79,77,78,77,38,39,27,26,259.0,103.75,2,0,H,1,0,H,11,14,4,4,11,17,4,9,0,1,0,0,1.7,1.16,1.58,1.2,1.78,0.94,8.88,11.77,1.5,4.33,6.0,1.51,4.2,6.5,1.53,4.5,6.0,1.53,4.32,6.79,1.5,4.2,6.5,1.5,4.2,6.0,1.58,4.61,5.71
SP1,2022-05-15,Cadiz,Real Madrid,75,84,77,85,75,86,73,83,37,36,27,25,67.8,770.75,1,1,D,1,1,D,21,16,7,7,13,11,10,2,7,2,0,0,2.67,1.92,1.56,1.94,1.89,0.89,15.12,9.47,3.3,3.3,2.2,3.25,3.25,2.25,3.2,3.4,2.25,3.37,3.46,2.26,3.2,3.3,2.25,3.13,3.4,2.15,2.71,3.58,2.68
SP1,2022-05-15,Celta Vigo,Elche,76,74,79,75,77,74,75,73,34,37,25,27,120.0,72.98,1,0,H,1,0,H,14,10,5,1,11,12,7,5,2,2,0,0,1.56,0.45,1.38,0.34,2.29,0.48,7.27,8.56,1.65,3.8,5.5,1.63,3.9,5.5,1.63,3.9,5.5,1.63,3.95,6.03,1.7,3.6,5.25,1.62,3.75,5.25,1.38,4.94,9.4
SP1,2022-05-15,Getafe,Barcelona,76,83,75,83,76,85,75,81,43,47,25,25,208.68,735.6,0,0,D,0,0,D,9,5,3,1,9,8,5,5,1,2,0,0,0.24,0.2,0.24,0.15,1.2,1.12,32.89,21.5,3.75,3.25,2.1,3.6,3.3,2.1,3.5,3.3,2.15,3.75,3.22,2.22,3.6,3.3,2.1,3.3,3.4,2.1,3.78,3.4,2.16
SP1,2022-05-15,Levante,Alaves,76,75,78,76,77,74,72,76,42,43,26,25,77.9,65.349999,3,1,H,0,1,A,15,6,5,2,19,10,3,4,8,6,0,0,2.15,0.57,1.72,0.5,2.56,0.29,4.22,13.52,2.8,3.8,2.25,2.87,3.6,2.3,3.05,3.75,2.15,3.04,3.8,2.29,3.0,3.4,2.3,2.8,3.6,2.25,2.93,3.82,2.36
SP1,2022-05-15,Mallorca,Rayo Vallecano,74,74,75,75,74,74,74,73,41,36,25,26,74.15,67.2,2,1,H,1,0,H,12,11,5,4,13,8,5,3,1,0,0,0,0.95,2.05,0.7,1.91,0.61,2.19,14.06,13.53,1.57,3.8,6.5,1.58,3.9,6.0,1.55,3.95,6.5,1.64,3.97,5.88,1.65,3.5,6.0,1.57,3.7,5.75,1.77,3.62,5.35
SP1,2022-05-15,Villarreal,Real Sociedad,80,80,79,81,81,81,79,78,39,40,26,24,408.9,376.95,1,2,A,1,0,H,10,11,4,6,12,16,4,3,4,2,0,0,1.01,2.73,0.96,2.08,0.29,2.57,11.61,6.78,2.1,3.6,3.3,2.15,3.6,3.2,2.2,3.5,3.25,2.17,3.74,3.33,2.1,3.6,3.25,2.1,3.4,3.3,2.25,3.3,3.65
SP1,2022-05-20,Real Madrid,Real Betis,84,79,85,80,86,79,83,78,36,38,25,27,770.75,259.0,0,0,D,0,0,D,17,11,3,2,7,12,8,5,0,0,0,0,1.82,1.44,1.18,1.38,1.63,1.09,13.96,15.33,1.65,4.5,4.33,1.68,4.33,4.4,1.73,4.3,4.1,1.72,4.4,4.53,1.65,4.2,4.6,1.67,4.5,4.4,1.55,4.95,5.45
SP1,2022-05-20,Rayo Vallecano,Levante,74,76,75,78,74,77,73,72,36,42,26,26,67.2,77.9,2,4,A,1,3,A,19,14,8,7,8,12,7,3,0,3,0,0,2.73,3.28,1.27,1.68,1.03,1.76,6.88,9.87,1.85,4.0,3.8,1.88,3.8,3.75,1.9,3.95,3.8,1.89,4.07,3.91,1.85,3.8,3.9,1.87,3.9,3.9,1.83,4.11,4.19
SP1,2022-05-21,Valencia,Celta Vigo,77,76,78,79,76,77,78,75,44,34,23,25,310.6,120.0,2,0,H,1,0,H,10,9,3,3,22,19,3,3,3,3,0,0,1.48,1.41,1.09,1.39,1.42,1.26,6.11,5.24,2.75,3.3,2.62,2.75,3.3,2.55,2.8,3.05,2.75,2.79,3.33,2.71,2.75,3.25,2.55,2.63,3.3,2.55,2.71,3.35,2.78
SP1,2022-05-22,Elche,Getafe,74,76,75,75,74,76,73,75,37,43,27,25,72.98,208.68,3,1,H,1,1,D,19,7,9,2,11,9,8,3,2,2,0,0,3.03,1.07,2.22,1.01,2.61,0.27,10.79,21.47,3.1,2.87,2.62,3.0,2.95,2.55,3.0,3.0,2.6,3.13,2.93,2.73,3.1,2.8,2.6,2.9,3.0,2.5,3.17,2.98,2.65
SP1,2022-05-22,Alaves,Cadiz,75,75,76,77,74,75,76,73,43,37,25,27,65.349999,67.8,0,1,A,0,0,D,9,13,2,6,11,13,4,4,0,1,0,0,0.39,1.84,0.25,1.39,0.33,2.5,11.74,8.73,4.2,3.7,1.83,4.1,3.7,1.85,4.1,3.75,1.85,4.25,3.72,1.91,4.2,3.6,1.83,4.0,3.6,1.83,4.9,3.94,1.75
SP1,2022-05-22,Granada,Espanyol,77,77,77,82,77,77,77,75,39,38,26,25,103.75,131.6,0,0,D,0,0,D,15,10,5,5,9,12,7,3,1,0,0,0,2.03,0.39,1.13,0.3,2.65,0.23,17.0,9.93,1.44,4.33,7.5,1.46,4.5,6.5,1.43,4.6,7.5,1.45,4.76,7.65,1.44,4.5,7.0,1.4,4.6,6.5,1.46,4.67,7.87
SP1,2022-05-22,Osasuna,Mallorca,76,74,77,75,76,74,76,74,32,41,26,25,108.45,74.15,0,2,A,0,0,D,11,14,1,6,8,14,5,7,2,2,0,0,0.9,1.24,0.82,0.53,1.01,1.68,7.17,19.23,3.3,3.4,2.2,3.3,3.3,2.2,3.55,3.4,2.1,3.41,3.46,2.24,3.4,3.3,2.15,3.2,3.4,2.15,2.97,3.29,2.63
SP1,2022-05-22,Barcelona,Villarreal,83,80,83,79,85,81,81,79,47,39,25,26,735.6,408.9,0,2,A,0,1,A,14,4,3,3,12,7,12,1,3,1,0,0,0.63,0.69,0.55,0.22,1.19,1.41,7.28,36.11,2.1,4.0,3.0,2.1,3.75,3.2,2.15,3.85,3.05,2.17,3.98,3.15,2.05,3.9,3.2,2.05,3.8,3.1,2.08,3.91,3.49
SP1,2022-05-22,Sevilla,Athletic Club,81,79,81,78,81,78,83,79,43,31,25,25,385.0,226.05,1,0,H,0,0,D,13,9,3,1,13,12,5,0,3,3,0,0,1.41,0.49,1.31,0.19,2.14,0.6,16.64,12.1,2.5,3.3,2.87,2.45,3.2,2.9,2.55,3.3,2.8,2.59,3.32,2.94,2.45,3.25,2.9,2.45,3.2,2.8,2.9,3.21,2.74
SP1,2022-05-22,Real Sociedad,Atletico Madrid,80,83,81,85,81,82,78,82,40,43,24,25,376.95,661.8,1,2,A,0,0,D,12,6,3,5,16,11,3,2,4,2,0,0,2.22,0.59,0.84,0.59,2.62,0.24,5.38,12.1,2.62,3.3,2.7,2.7,3.25,2.65,2.65,3.2,2.8,2.71,3.31,2.8,2.62,3.2,2.7,2.6,3.2,2.63,2.72,3.19,2.89
